file_name;label
\vaca\cow_CaltechCameraTrap\5903cd72-23d2-11e8-a6a3-ec086b02610b.jpg;1
\cervidae\CERVIDREDORFALLOWDEER_ZOO_5_6_7_9\5_20210219 (134) (2021_04_15 06_16_22 UTC).JPG;1
\vacia\NOANIMAL_ZOO_1_4\34_20210115 (6771).JPG;0
\gato_domestico\cat_IslandConservationCameraTraps\puertorico_20_20150513_013502_img_0473.jpg;1
\vacia\NOANIMAL_ZOO_5_6_7_9\24_20210418 (18343).JPG;0
\leporido\rabbit_IslandConservationCameraTraps\chile_frances012013_1401201374758.jpg;1
\micromamiferos\micromamiferos_Paco_Carro_JC\IMG_0210.JPG;1
\cervidae\CERVIDREDORFALLOWDEER_ZOO_5_6_7_9\18_20210219 (7448) (2021_04_15 06_16_22 UTC).JPG;1
\vaca\cow_CaltechCameraTrap\58b4aba6-23d2-11e8-a6a3-ec086b02610b.jpg;1
\jabali\WILDBOAR_ZOO_1_4\37_20201116 (10737).JPG;1
\caballo\HORSE_ZOO_1_4\2_20210115 (2835).JPG;1
\cervidae\CERVIDREDORFALLOWDEER_ZOO_5_6_7_9\28_20210615 (233).JPG;1
\cervidae\CERVIDREDORFALLOWDEER_ZOO_5_6_7_9\15_20210219 (2687) (2021_04_15 06_16_22 UTC).JPG;1
\cervidae\CERVIDREDORFALLOWDEER_ZOO_1_4\37_20210115 (2588).JPG;1
\vacia\empty_SnapshotMountainZebra\MTZ_S1_D05_R1_IMAG2560.JPG;0
\vacia\vacia_Paco_Carro_JC\IMG_0412.JPG;0
\lince\Lince_b_Linces2_Leo_JC\lince144 (253).JPG;1
\zorro\Zorro_PNC_2014_JC\c18125IMAG0061.JPG;1
\vacia\empty_SnapshotMountainZebra\MTZ_S1_E04_R1_IMAG0720.JPG;0
\ave\ave_Soraya_Padilla_Alumno_1_TH\DSCF0110_frame130.jpg;1
\vacia\empty_IslandConservationCameraTraps\ecuador1_ic1611_20150101_000005_img_0936.jpg;0
\vacia\empty_caltechCameraTraps\59862384-23d2-11e8-a6a3-ec086b02610b.jpg;0
\leporido\rabbit_CaltechCameraTrap_ME\58fbed92-23d2-11e8-a6a3-ec086b02610b.jpg;1
\ave\short-eared_owl_IslandConservationCameraTraps\chile_piedra012013_1903201362441.jpg;1
\gato_domestico\gato_WellingtonCameraTraps_SS\0705151949020745L091.JPG;1
\vacia\vacia_Paco_Carro_JC\01130915.JPG;0
\leporido\rabbit_CaltechCameraTrap_ME\59edf111-23d2-11e8-a6a3-ec086b02610b.jpg;1
\mapache\raccoon_CaltechCameraTrap_ME\59f79918-23d2-11e8-a6a3-ec086b02610b.jpg;1
\cervidae\deer_CaltechCameraTrap\58e5994a-23d2-11e8-a6a3-ec086b02610b.jpg;1
\vacia\empty_SnapshotMountainZebra\MTZ_S1_D05_R1_IMAG0222.JPG;0
\ave\ave_ave_WellingtonCameraTraps_SS\100416163218049c5351.JPG;1
\zorro\zorro_PNC_2013-O_RED_ISAAC\b8628IMAG0027.JPG;1
\vacia\empty_SnapshotMountainZebra\MTZ_S1_C06_R1_IMAG1239.JPG;0
\cervidae\deer_CaltechCameraTrap\59a17ba2-23d2-11e8-a6a3-ec086b02610b.jpg;1
\tejon\Tejon_ME_rev_2_donana\20_20201024 (1236).JPG;1
\vacia\vacia_alumno_1_AM\39_20201019 (498).JPG;0
\cervidae\ciervo_simone_2\40_20201024 (2727).JPG;1
\vacia\vacia_Paco_Carro_JC\01140894.JPG;0
\vacia\vacias_1_de_2_PNC_2012_ISAAC\a53076IM000436.JPG;0
\vacia\empty_SnapshotMountainZebra\MTZ_S1_C06_R1_IMAG0294.JPG;0
\vacia\vacia_alumno_2_2_TH_JC\27_20201023 (7900).JPG;0
\jabali\jabali_PNC_2013-O_RED_ISAAC\b19870IMAG0114.JPG;1
\cervidae\3_ciervo_Javi_3_JC\34_20201024 (863).JPG;1
\micromamiferos\Small rodent_mammalWeb\15980.jpg;1
\jabali\WILDBOAR_ZOO_1_4\37_20201024 (11710).JPG;1
\cervidae\Ciervo_PNC_2012_JC\a14283IM000206.JPG;1
\vacia\empty_SnapshotKaroo\KAR_S1_C02_R1_IMAG0561.JPG;0
\ave\2_ave_Soraya_Padilla_Alumno_1_TH\IMAG0184_frame180.jpg;1
\vacia\empty_IslandConservationCameraTraps\dominicanrepublic_cam0526julio2015_20150717_125458_sunp2919.jpg;0
\leporido\rabbit_CaltechCameraTrap_ME\59817bbc-23d2-11e8-a6a3-ec086b02610b.jpg;1
\cervidae\CERVIDREDORFALLOWDEER_ZOO_5_6_7_9\38_20210618 (381).JPG;1
\vacia\NOANIMAL_ZOO_1_4\6_20201812 (12491).JPG;0
\lince\Lince_b_Linces2_Leo_JC\lince188 (147).JPG;1
\vacia\NOANIMAL_ZOO_5_6_7_9\25_20210417 (7159).JPG;0
\vacia\vacia_Paco_Carro_JC\01130493 (2).JPG;0
\vacia\vacias_1_de_2_PNC_2012_ISAAC\a49754IM000192.JPG;0
\cervidae\CERVIDREDORFALLOWDEER_ZOO_5_6_7_9\35_20210218 (1528) (2021_04_15 06_16_22 UTC).JPG;1
\lince\Lince_b_Linces2_Leo_JC\lince228 (526).JPG;1
\cervidae\CERVIDREDORFALLOWDEER_ZOO_1_4\15_20210117 (6961).JPG;1
\jabali\jabali_alumno_2_AM_JC\Susscr 24_frame060.jpg;1
\vacia\NOANIMAL_ZOO_5_6_7_9\11_20210218 (734) (2021_04_15 06_16_22 UTC).JPG;0
\cervidae\CERVIDREDORFALLOWDEER_ZOO_5_6_7_9\28_20210318 (15919).JPG;1
\jabali\jabali_alumno_AM_2\24_20201019 (1188).JPG;1
\vacia\empty_IslandConservationCameraTraps\dominicanrepublic_cam0425abril2015_20130823_074901_sunp4885.jpg;0
\cervidae\gamo_alumno_2_TH\33_20201025 (54).JPG;1
\vacia\empty_IslandConservationCameraTraps\ecuador1_ic1611_20150101_000002_img_3060.jpg;0
\zorro\zorro_PNM_2013-I_ME\e1962IM000452.JPG;1
\mapache\raccoon_CaltechCameraTrap_ME\59260e41-23d2-11e8-a6a3-ec086b02610b.jpg;1
\cervidae\deer_CaltechCameraTrap\599291d0-23d2-11e8-a6a3-ec086b02610b.jpg;1
\vacia\NOANIMAL_ZOO_5_6_7_9\32_20210417 (2137).JPG;0
\vacia\empty_IslandConservationCameraTraps\dominicanrepublic_cam1826julio2015_20150724_102523_img_2874.jpg;0
\zorro\zorro_PNM_2012_ME\d11158IM000555.JPG;1
\vaca\COW_ZOO_5_6_7_9\39_20210417 (1803).JPG;1
\jabali\2_jabali_javi_JC\37_20201024 (896).JPG;1
\jabali\WILDBOAR_ZOO_5_6_7_9\48_20210418 (88).JPG;1
\cervidae\ciervo_ME_rev_3_donana\26_20201020 (1905).JPG;1
\vacia\vacia_alumno_1_AM\10_20201019 (420).JPG;0
\vacia\empty_SnapshotMountainZebra\MTZ_S1_G04_R3_IMAG3420.JPG;0
\lince\Lince_a_Linces2_Leo_JC\Lince60 (382).JPG;1
\vacia\empty_caltechCameraTraps\5954a8af-23d2-11e8-a6a3-ec086b02610b.jpg;0
\ave\shearwater_IslandConservationCameraTraps\chile_vaqueria2013_1512201233600.jpg;1
\humanovehiculo\humano_vehiculo_PNC_2013-I_ISAAC\4492IMAG0471.JPG;1
\caballo\HORSE_ZOO_5_6_7_9\15_20210219 (8447) (2021_04_15 06_16_22 UTC).JPG;1
\humanovehiculo\humanovehiculo_PNC_2013-I_RED_ME\3330IM000009.JPG;1
\cervidae\CERVIDREDORFALLOWDEER_ZOO_5_6_7_9\5_20210219 (1756) (2021_04_15 06_16_22 UTC).JPG;1
\zorro\Zorro_PNC_2014_JC\c25198IM000031.JPG;1
\jabali\WILDBOAR_ZOO_1_4\37_20201116 (7895).JPG;1
\caballo\caballos_alumno_AM\caballos_alumno_AM\28_20201117 (572).JPG;1
\vacia\NOANIMAL_ZOO_5_6_7_9\21_20200113 (1351) (2021_04_15 06_16_22 UTC).JPG;0
\cervidae\CERVIDREDORFALLOWDEER_ZOO_1_4\35_20210114 (47).JPG;1
\ave\ave_Soraya_Padilla_Alumno_1_TH\STC_0061_frame110.jpg;1
\vaca\cow_CaltechCameraTrap\5938c2f4-23d2-11e8-a6a3-ec086b02610b.jpg;1
\vacia\vacias_PNC_2014_ISAAC\c3603IMAG0052.JPG;0
\jabali\WILDBOAR_ZOO_1_4\31_20201023 (392).JPG;1
\meloncillo\Meloncillo_PEPE_IREC_JC\IMAG0052_(3).JPG;1
\vacia\empty_caltechCameraTraps\59d0e14d-23d2-11e8-a6a3-ec086b02610b.jpg;0
\vacia\NOANIMAL_ZOO_5_6_7_9\11_20210418 (1944).JPG;0
\vacia\NOANIMAL_ZOO_5_6_7_9\2_20210417 (20160).JPG;0
\vacia\empty_caltechCameraTraps\5a27d82e-23d2-11e8-a6a3-ec086b02610b.jpg;0
\cervidae\2_cervidae_alumno_2_TH\21_20201025 (466).JPG;1
\vacia\NOANIMAL_ZOO_1_4\7_20210115 (2720).JPG;0
\vacia\NOANIMAL_ZOO_1_4\22_20210115 (796).JPG;0
\zorro\REDFOX_ZOO_5_6_7_9\19_20210319 (275).JPG;1
\vaca\Vaca4_diego_1_rev_donana\15_20201024 (7519).JPG;1
\vacia\empty_SnapshotKgalagai\KGA_S1_A11_R1_IMAG0242.JPG;0
\vacia\vacia_PNM_2013-O_ME\f27648IMAG0206.JPG;0
\caballo\HORSE_ZOO_1_4\2_20201215 (2653).JPG;1
\humanovehiculo\humanovehiculo_PNC_2014_manuel\c22702IM000098.JPG;1
\vacia\empty_SnapshotMountainZebra\MTZ_S1_D06_R1_IMAG2589.JPG;0
\vacia\NOANIMAL_ZOO_1_4\9_20201118 (1369).JPG;0
\humanovehiculo\humanovehiculo_vacías_humanos_PNC_2012_ME\a38264IMAG0002.JPG;1
\cervidae\Ciervo_alumno_2_AM_JC\Cerela (10)_frame140.jpg;1
\zorro\Zorro_PNC_2014_JC\c15207IM000002.JPG;1
\vacia\empty_SnapshotMountainZebra\MTZ_S1_D06_R1_IMAG0137.JPG;0
\humanovehiculo\humanovehiculo_vacías_humanos_PNC_2012_ME\a52637IM000001.JPG;1
\humanovehiculo\HUMANORVEHICLE_ZOO_1_4\18_20201024 (6).JPG;1
\ave\ave_Soraya_Padilla_Alumno_1_TH\DSCF0087_frame080.jpg;1
\micromamiferos\rat_IslandConservationCameraTraps\micronesia_cam06_cam06june2019_pig_20190629192740_11229.jpg;1
\vacia\vacia_WellingtonCameraTraps_SS\230816043400004a5755.JPG;0
\cervidae\ciervo_Javi_3_JC\21_20201025 (1113).JPG;1
\cervidae\CERVIDREDORFALLOWDEER_ZOO_1_4\34_20201024 (6885).JPG;1
\vacia\NOANIMAL_ZOO_1_4\26_20201020 (67).JPG;0
\zorro\zorro_PNC_2013-I_ME\5963IM000026.JPG;1
\cervidae\ciervo_PNM_2012_ME\d7591IM000113.JPG;1
\cervidae\deer_CaltechCameraTrap\5971f917-23d2-11e8-a6a3-ec086b02610b.jpg;1
\caballo\HORSE_ZOO_1_4\15_20210117 (2099).JPG;1
\ave\Curruca_PNC_2012_JC\a29503IM000227.JPG;1
\ave\chicken_IslandConservationCameraTraps\palau_cam04a12132018_20181101_065808_rcnx2029.jpg;1
\vacia\NOANIMAL_ZOO_1_4\21_20201025 (5202).JPG;0
\jabali\jabali_alumno_1_AM_2\28_20201019 (1412).JPG;1
\humanovehiculo\humanovehiculo_PNC_2013-O_RED_ISAAC\b18655IMAG0003.JPG;1
\humanovehiculo\humano_vehiculo_PNM_2013-O_ISAAC\f14978IM000091.JPG;1
\cervidae\ciervo_PNM_2012_ISAAC\d16007FILE0011.JPG;1
\ave\ave_ave_WellingtonCameraTraps_SS\080816142308023a6241.JPG;1
\vacia\NOANIMAL_ZOO_1_4\7_20210115 (2188).JPG;0
\zorro\zorro_PNM_2013-O_ISAAC\f4253IM000039.JPG;1
\vaca\COW_ZOO_5_6_7_9\49_20210418 (2354).JPG;1
\caballo\caballos_javier_JC\2_20201117 (3542).JPG;1
\cervidae\ciervo_vacías_humanos_PNC_2012_ME\a6648IM000025.JPG;1
\vacia\empty_IslandConservationCameraTraps\chile_filipiananbek2013_0811201391558.jpg;0
\vacia\empty_IslandConservationCameraTraps\dominicanrepublic_cam1826junio2015_20150505_101830_img_2171.jpg;0
\cervidae\deer_CaltechCameraTrap\5a0493c8-23d2-11e8-a6a3-ec086b02610b.jpg;1
\vaca\COW_ZOO_1_4\21_20201217 (759).JPG;1
\cervidae\CERVIDREDORFALLOWDEER_ZOO_1_4\28_20201019 (1034).JPG;1
\jabali\jabali_javi_JC\28_20201019 (1638).JPG;1
\vacia\NOANIMAL_ZOO_1_4\7_20210115 (2906).JPG;0
\vacia\NOANIMAL_ZOO_5_6_7_9\36_20210618 (4374).JPG;0
\cervidae\CERVIDREDORFALLOWDEER_ZOO_5_6_7_9\15_20210219 (6693) (2021_04_15 06_16_22 UTC).JPG;1
\vacia\vacias_2_de_2_PNC_2012_ISAAC\a43329IM000131.JPG;0
\vacia\NOANIMAL_ZOO_5_6_7_9\25_20210319 (5766).JPG;0
\jabali\Jabali_PNC_2014_JC\c23070IM000114.JPG;1
\ave\ave_ave_WellingtonCameraTraps_SS\240316120148043cs372.JPG;1
\jabali\jabali_javi_JC\24_20201019 (1028).JPG;1
\vacia\vacias_PNC_2014_ISAAC\c3745IMAG0018.JPG;0
\vacia\vacia_Paco_Carro_JC\IMG_1042.JPG;0
\vacia\NOANIMAL_ZOO_5_6_7_9\22_20210417 (9528).JPG;0
\vacia\vacia_alumno_AM_2\42_20201026 (65).JPG;0
\meloncillo\Meloncillo_PEPE_IREC_JC\IMAG0234.JPG;1
\cervidae\ciervo_Javi_3_JC\21_20201025 (5311).JPG;1
\humanovehiculo\humano_vehiculo_PNM_2012_ISAAC\d15585IM000004.JPG;1
\ave\petrel_chick_IslandConservationCameraTraps\ecuador2_ic1618_20181115_035717_img_0349.jpg;1
\caballo\HORSE_ZOO_1_4\24_20201218 (22).JPG;1
\zorro\zorro_Saul Martin_FRAMES_SIN_REPETIDOS_REVISADOS_DIEGO\IMAG0025_frame540.jpg;1
\leporido\conejo_leo_donana\0001359.JPG;1
\vacia\NOANIMAL_ZOO_5_6_7_9\2_20210417 (20503).JPG;0
\cervidae\CERVIDREDORFALLOWDEER_ZOO_5_6_7_9\18_20210417 (3164).JPG;1
\vacia\empty_SnapshotMountainZebra\MTZ_S1_D07_R1_IMAG0216.JPG;0
\vacia\Nothing_mammalWeb\8027.jpg;0
\jabali\jabali_javi_JC\37_20201024 (320).JPG;1
\humanovehiculo\humanovehiculo_vacías_humanos_PNC_2012_ME\a52666IM000031.JPG;1
\vacia\empty_caltechCameraTraps\59929344-23d2-11e8-a6a3-ec086b02610b.jpg;0
\meloncillo\Meloncillo_PNC_2014_JC\c7553IM000037.JPG;1
\vacia\NOANIMAL_ZOO_5_6_7_9\11_20210318 (573).JPG;0
\cervidae\ciervo_simone_2\37_20201024 (9738).JPG;1
\vacia\empty_SnapshotMountainZebra\MTZ_S1_D06_R1_IMAG1925.JPG;0
\vacia\NOANIMAL_ZOO_1_4\26_20201020 (5120).JPG;0
\micromamiferos\rat_IslandConservationCameraTraps\micronesia_cam06_cam06june2019_pig_20190629204544_1506.jpg;1
\caballo\caballos_alumno_AM\caballos_alumno_AM\2_20201215 (7665).JPG;1
\vacia\NOANIMAL_ZOO_5_6_7_9\50_20210417 (21529).JPG;0
\jabali\jabali_Paco_Carro_camarasliron_4_2_PASADAS_POR_LA_RED_JC\MDGC0675.JPG;1
\vacia\NOANIMAL_ZOO_1_4\6_20201812 (8704).JPG;0
\cervidae\ciervo_vacías_humanos_PNC_2012_ME\a19170IM000301.JPG;1
\leporido\conejo_Paco_Carro_JC\PICT0413 (2).JPG;1
\vacia\empty_SnapshotMountainZebra\MTZ_S1_G04_R3_IMAG3902.JPG;0
\zorro\Zorro_Pepe_IREC\Zorro_Pepe_Irec_ME\IMAG0046_(4).JPG;1
\vacia\vacias_PNM_2013-O_ISAAC\f15538IMAG0311.JPG;0
\ave\ave_Soraya_Padilla_Alumno_1_TH\STC_0223_frame040.jpg;1
\ave\ave_ave_WellingtonCameraTraps_SS\190716113950002cs143.JPG;1
\zorro\zorro_PNC_2012_JC\a29150IM000063.JPG;1
\ave\OTHERSPECIES_ZOO_5_6_7_9\50_20210417 (68).JPG;1
\humanovehiculo\humanovehiculo_PNC_2014_manuel\c12252IMAG0003.JPG;1
\cervidae\ciervo_PNC_2013-O_RED_ISAAC\b14186IM000437.JPG;1
\vacia\empty_IslandConservationCameraTraps\micronesia_cam16april2019_20190413_090500_rcnx0322.jpg;0
\vacia\NOANIMAL_ZOO_1_4\14_20201218 (1365).JPG;0
\zorro\Zorro_Pepe_IREC\Zorro_Pepe_Irec_ME\IMAG0125_(3).JPG;1
\leporido\rabbit_IslandConservationCameraTraps\chile_frances012013_19122012173213.jpg;1
\micromamiferos\rodent_CaltechCameraTrap_JC\Roedor_ rodent_CaltechCameraTrap_JC\58af74e1-23d2-11e8-a6a3-ec086b02610b.jpg;1
\cervidae\ciervo_PNC_2013-O_RED_ISAAC\b7564IM000138.JPG;1
\lince\Lince_b_Linces2_Leo_JC\lince230 (55).JPG;1
\ave\bird_CaltechCameraTrap\5a17dcd1-23d2-11e8-a6a3-ec086b02610b.jpg;1
\cervidae\ciervo_simone_2\34_20201024 (4402).JPG;1
\vacia\NOANIMAL_ZOO_5_6_7_9\24_20210318 (16507).JPG;0
\vacia\empty_SnapshotMountainZebra\MTZ_S1_D07_R1_IMAG0874.JPG;0
\humanovehiculo\humano_vehiculo_PNC_2013-I_ISAAC\1457IM000015.JPG;1
\leporido\liebre\Brown hare_mammalWeb\44397.jpg;1
\vacia\NOANIMAL_ZOO_1_4\7_20210115 (3795).JPG;0
\vaca\COW_ZOO_1_4\21_20201217 (2165).JPG;1
\vacia\vacia_ss\40_20201024 (6307).JPG;0
\leporido\rabbit_IslandConservationCameraTraps\chile_frances012013_19122012162731.jpg;1
\cervidae\ciervo_PNC_2013-O_RED_ISAAC\b253IM000034.JPG;1
\caballo\HORSE_ZOO_1_4\15_20210117 (1546).JPG;1
\meloncillo\Meloncillo_PEPE_IREC_JC\IMAG0022_(10).JPG;1
\cervidae\CERVIDREDORFALLOWDEER_ZOO_1_4\8_20210115 (110).JPG;1
\lince\Lince_b_Linces2_Leo_JC\lince169 (50).JPG;1
\vacia\empty_SnapshotMountainZebra\MTZ_S1_D07_R1_IMAG2596.JPG;0
\cervidae\CERVIDREDORFALLOWDEER_ZOO_5_6_7_9\35_20210218 (1592) (2021_04_15 06_16_22 UTC).JPG;1
\vaca\COW_ZOO_1_4\6_20201116 (1047).JPG;1
\leporido\rabbit_IslandConservationCameraTraps\chile_frances012013_21122012160551.jpg;1
\jabali\2_jabali_Leo_Otra_fauna_PASADA_POR_LA_RED_JC\Otrafauna (858).JPG;1
\cervidae\CERVIDREDORFALLOWDEER_ZOO_5_6_7_9\19_20210618 (384).JPG;1
\cervidae\CERVIDREDORFALLOWDEER_ZOO_5_6_7_9\15_20210219 (11163) (2021_04_15 06_16_22 UTC).JPG;1
\cervidae\CERVIDREDORFALLOWDEER_ZOO_1_4\36_20201117 (446).JPG;1
\cervidae\cervidae_ME_rev_1_donana\37_20201024 (12370).JPG;1
\zorro\zorro_PNC_2012_JC\a43124IM000005.JPG;1
\cervidae\6_ciervo_Javi_3_JC\34_20201024 (1918).JPG;1
\vacia\empty_caltechCameraTraps\5983088d-23d2-11e8-a6a3-ec086b02610b.jpg;0
\leporido\conejo_Paco_Carro_JC\PICT0734.JPG;1
\cervidae\ciervo_Javi_3_JC\6_20201023 (1135).JPG;1
\caballo\caballos_simone\4_20201220 (7543).JPG;1
\jabali\WILDBOAR_ZOO_5_6_7_9\24_20210418 (4147).JPG;1
\vacia\NOANIMAL_ZOO_5_6_7_9\25_20210417 (12515).JPG;0
\leporido\rabbit_IslandConservationCameraTraps\chile_frances012013_31122012200326.jpg;1
\zorro\zorro_PNM_2012_ME\d13859IM000040.JPG;1
\vacia\vacia_Paco_Carro_JC\01060213.JPG;0
\vacia\empty_IslandConservationCameraTraps\dominicanrepublic_cam0425abril2015_20130809_041551_sunp1613.jpg;0
\gato_domestico\cat_CaltechCameraTrap\58f4250c-23d2-11e8-a6a3-ec086b02610b.jpg;1
\vacia\empty_caltechCameraTraps\5a0b0276-23d2-11e8-a6a3-ec086b02610b.jpg;0
\vacia\NOANIMAL_ZOO_5_6_7_9\24_20210418 (8482).JPG;0
\vacia\NOANIMAL_ZOO_5_6_7_9\25_20210417 (3324).JPG;0
\gato_domestico\gato_WellingtonCameraTraps_SS\110916072734043cs091.JPG;1
\caballo\HORSE_ZOO_5_6_7_9\15_20210219 (1564) (2021_04_15 06_16_22 UTC).JPG;1
\vacia\empty_SnapshotMountainZebra\MTZ_S1_D06_R1_IMAG1997.JPG;0
\cervidae\ciervo_PNM_2012_ME\d2443IM000736.JPG;1
\vacia\NOANIMAL_ZOO_1_4\36_20201117 (820).JPG;0
\vacia\NOANIMAL_ZOO_1_4\37_20201116 (4653).JPG;0
\jabali\WILDBOAR_ZOO_1_4\29_20201023 (848).JPG;1
\jabali\WILDBOAR_ZOO_5_6_7_9\37_20210220 (693) (2021_04_15 06_16_22 UTC).JPG;1
\humanovehiculo\humanovehiculo_PNC_2014_manuel\c6657IM000005.JPG;1
\cervidae\CERVIDREDORFALLOWDEER_ZOO_1_4\40_20201024 (193).JPG;1
\zorro\Zorro_Pepe_IREC\Zorro_Pepe_Irec_ME\IMAG2778.JPG;1
\cervidae\cervidae_Javi_3_JC\30_20201021 (11898).JPG;1
\cervidae\CERVIDREDORFALLOWDEER_ZOO_5_6_7_9\39_20210318 (218).JPG;1
\vaca\COW_ZOO_1_4\21_20201217 (1467).JPG;1
\vacia\NOANIMAL_ZOO_5_6_7_9\13_20210218 (1231) (2021_04_15 06_16_22 UTC).JPG;0
\lince\Lince_a_Linces2_Leo_JC\lince102 (105).JPG;1
\cervidae\CERVIDREDORFALLOWDEER_ZOO_5_6_7_9\36_20210319 (575).JPG;1
\jabali\WILDBOAR_ZOO_1_4\25_20201117 (236).JPG;1
\leporido\rabbit_IslandConservationCameraTraps\chile_frances012013_0401201382131.jpg;1
\humanovehiculo\HUMANORVEHICLE_ZOO_5_6_7_9\39_20210615 (17).JPG;1
\vacia\vacia_alumno_2_AM\Perros_frame360.jpg;0
\caballo\HORSE_ZOO_1_4\38_20201117 (1361).JPG;1
\vacia\NOANIMAL_ZOO_5_6_7_9\50_20210408 (20401).JPG;0
\zorro\Zorro_PNC_2014_JC\c15964IM000142.JPG;1
\vacia\NOANIMAL_ZOO_5_6_7_9\24_20210318 (13200).JPG;0
\cervidae\corzo_alumno_1_TH\Capcap 30_frame020.jpg;1
\cervidae\CERVIDREDORFALLOWDEER_ZOO_1_4\8_20201029 (314).JPG;1
\vacia\NOANIMAL_ZOO_1_4\34_20210115 (3659).JPG;0
\lince\Lince_b_Linces2_Leo_JC\lince134 (17).JPG;1
\lince\Lince_a_Linces2_Leo_JC\lince90 (65).JPG;1
\cervidae\ciervo_PNM_2013-O_ISAAC\f5278IM000188.JPG;1
\vacia\NOANIMAL_ZOO_1_4\37_20201116 (436).JPG;0
\cervidae\CERVIDREDORFALLOWDEER_ZOO_5_6_7_9\19_20210219 (577) (2021_04_15 06_16_22 UTC).JPG;1
\jabali\WILDBOAR_ZOO_1_4\15_20201215 (260).JPG;1
\lince\Lince_b_Linces2_Leo_JC\lince145 (52).jpg;1
\vacia\empty_SnapshotMountainZebra\MTZ_S1_E06_R3_IMAG0974.JPG;0
\cervidae\CERVIDREDORFALLOWDEER_ZOO_5_6_7_9\10_20210618 (3538).JPG;1
\vaca\COW_ZOO_5_6_7_9\2_20210319 (1118).JPG;1
\vacia\NOANIMAL_ZOO_5_6_7_9\50_20210408 (21535).JPG;0
\vaca\COW_ZOO_1_4\21_20201025 (5421).JPG;1
\cervidae\ciervo_PNC_2013-O_RED_ISAAC\b5617IM000324.JPG;1
\leporido\rabbit_IslandConservationCameraTraps\chile_piedra012013_1102201362741.jpg;1
\meloncillo\Meloncillo_PEPE_IREC_JC\IMAG0046_(4).JPG;1
\humanovehiculo\humano_vehiculo_PNC_2013-I_ISAAC\3323IM000002.JPG;1
\vacia\NOANIMAL_ZOO_5_6_7_9\8_20210219 (608) (2021_04_15 06_16_22 UTC).JPG;0
\zorro\zorro_PNM_2012_ME\d3016IM000043.JPG;1
\vaca\cow_CaltechCameraTrap\58b2ed0d-23d2-11e8-a6a3-ec086b02610b.jpg;1
\leporido\conejo_WellingtonCameraTraps_SS\15111506251413959712.JPG;1
\vaca\COW_ZOO_1_4\24_20201019 (1361).JPG;1
\cervidae\CERVIDREDORFALLOWDEER_ZOO_1_4\21_20201025 (5750).JPG;1
\vacia\empty_IslandConservationCameraTraps\dominicanrepublic_cam1125abril2015_20150416_151105_img_1623.jpg;0
\cervidae\ciervo_PNM_2013-O_ISAAC\f29530IMAG1115.JPG;1
\perro\dog_caltechCameraTraps\59b2e9dd-23d2-11e8-a6a3-ec086b02610b.jpg;1
\cervidae\CERVIDREDORFALLOWDEER_ZOO_5_6_7_9\28_20210615 (239).JPG;1
\vacia\NOANIMAL_ZOO_5_6_7_9\20_20210319 (7416).JPG;0
\cervidae\CERVIDREDORFALLOWDEER_ZOO_5_6_7_9\22_20210417 (327).JPG;1
\vacia\NOANIMAL_ZOO_1_4\37_20201116 (12854).JPG;0
\leporido\conejo_leo_donana\0008042.JPG;1
\vacia\empty_IslandConservationCameraTraps\dominicanrepublic_cam0425abril2015_20130821_011740_sunp3719.jpg;0
\gineta\gineta_Saul Martin_FRAMES_SIN_REPETIDOS_REVISADOS_DIEGO\IMAG0010_frame400.jpg;1
\gato_domestico\cat_IslandConservationCameraTraps\palau_cam04a12132018_20180919_084839_rcnx1380.jpg;1
\vacia\NOANIMAL_ZOO_1_4\26_20201020 (16275).JPG;0
\cervidae\ciervo_PNC_2014_ISAAC\c21800IM000172.JPG;1
\cervidae\Ciervo_PNC_2012_JC\a3798IM000153.JPG;1
\cervidae\ciervo_PNC_2013-O_RED_ISAAC\b15927IM000161.JPG;1
\vacia\empty_SnapshotMountainZebra\MTZ_S1_D06_R1_IMAG1583.JPG;0
\vacia\vacias_1_de_2_PNC_2012_ISAAC\a37085IM000189.JPG;0
\humanovehiculo\humano_vehiculo_PNM_2013-O_ISAAC\f21265IM000763.JPG;1
\humanovehiculo\humanovehiculo_Caltech\598622d2-23d2-11e8-a6a3-ec086b02610b.jpg;1
\vacia\NOANIMAL_ZOO_5_6_7_9\2_20210417 (10345).JPG;0
\humanovehiculo\HUMANORVEHICLE_ZOO_5_6_7_9\8_20210219 (1) (2021_04_15 06_16_22 UTC).JPG;1
\vacia\NOANIMAL_ZOO_1_4\34_20201024 (3702).JPG;0
\leporido\rabbit_CaltechCameraTrap_ME\58af77ad-23d2-11e8-a6a3-ec086b02610b.jpg;1
\caballo\caballos_alumno_AM\caballos_alumno_AM\2_20201215 (535).JPG;1
\jabali\WILDBOAR_ZOO_1_4\31_20210115 (95).JPG;1
\vacia\NOANIMAL_ZOO_1_4\6_20201812 (8753).JPG;0
\micromamiferos\Small rodent_mammalWeb\27138.jpg;1
\caballo\caballos_javier_JC\2_20201117 (424).JPG;1
\ave\ave_ave_WellingtonCameraTraps_SS\100116115752046a6242.JPG;1
\vacia\empty_IslandConservationCameraTraps\dominicanrepublic_cam1826julio2015_20150716_105304_img_2509.jpg;0
\caballo\caballos_simone\4_20201220 (2331).JPG;1
\vacia\NOANIMAL_ZOO_5_6_7_9\11_20210615 (7606).JPG;0
\humanovehiculo\humanovehiculo_PNM_2013-I_ME\e3900IM000022.JPG;1
\vacia\empty_IslandConservationCameraTraps\dominicanrepublic_cam1826julio2015_20150628_125014_img_0696.jpg;0
\cervidae\Ciervo_PNC_2012_JC\a40244IM000243.JPG;1
\vacia\NOANIMAL_ZOO_5_6_7_9\2_20210417 (15553).JPG;0
\vacia\NOANIMAL_ZOO_1_4\10_20201019 (1828).JPG;0
\vacia\NOANIMAL_ZOO_5_6_7_9\36_20210319 (3037).JPG;0
\humanovehiculo\car_CaltechCameraTrap_ME\vehiculo\58693778-23d2-11e8-a6a3-ec086b02610b.jpg;1
\lince\Lince_b_Linces2_Leo_JC\lince229 (22).jpg;1
\vacia\empty_SnapshotMountainZebra\MTZ_S1_D07_R1_IMAG2446.JPG;0
\lince\Lince_b_Linces2_Leo_JC\lince228 (590).JPG;1
\vacia\NOANIMAL_ZOO_5_6_7_9\15_20210219 (4453) (2021_04_15 06_16_22 UTC).JPG;0
\vacia\empty_IslandConservationCameraTraps\dominicanrepublic_cam0526junio2015_20150622_160753_sunp2336.jpg;0
\vacia\Nothing_mammalWeb\14665.jpg;0
\vacia\NOANIMAL_ZOO_1_4\15_20210117 (12857).JPG;0
\leporido\rabbit_IslandConservationCameraTraps\chile_frances012013_22122012170837.jpg;1
\vaca\cow_CaltechCameraTrap\586c882c-23d2-11e8-a6a3-ec086b02610b.jpg;1
\cervidae\cervido_simone_2\34_20201024 (6546).JPG;1
\cervidae\CERVIDREDORFALLOWDEER_ZOO_5_6_7_9\2_20210417 (276).JPG;1
\leporido\conejo_Paco_Carro_JC\PICT0722.JPG;1
\leporido\Rabbit_mammalWeb\6402.jpg;1
\vacia\empty_caltechCameraTraps\59e2a2bc-23d2-11e8-a6a3-ec086b02610b.jpg;0
\vacia\NOANIMAL_ZOO_5_6_7_9\39_20210417 (3616).JPG;0
\vaca\cow_CaltechCameraTrap\585a63bd-23d2-11e8-a6a3-ec086b02610b.jpg;1
\cervidae\CIERVO_PNM_2013-I_ISAAC\e1382IMAG0079.JPG;1
\humanovehiculo\HUMANORVEHICLE_ZOO_5_6_7_9\33_20210218 (1) (2021_04_15 06_16_22 UTC).JPG;1
\leporido\rabbit_IslandConservationCameraTraps\chile_frances022013_21042013163808.jpg;1
\vaca\cow_CaltechCameraTrap\58857b79-23d2-11e8-a6a3-ec086b02610b.jpg;1
\cervidae\deer_CaltechCameraTrap\5a1fe804-23d2-11e8-a6a3-ec086b02610b.jpg;1
\vacia\empty_SnapshotMountainZebra\MTZ_S1_D07_R1_IMAG1342.JPG;0
\vaca\cow_CaltechCameraTrap\58995aa3-23d2-11e8-a6a3-ec086b02610b.jpg;1
\cervidae\CERVIDREDORFALLOWDEER_ZOO_1_4\2_20201117 (1584).JPG;1
\jabali\jabali_PNC_2014_ISAAC\c11328IMAG0468.JPG;1
\ave\bird_CaltechCameraTrap\587d40c9-23d2-11e8-a6a3-ec086b02610b.jpg;1
\leporido\rabbit_IslandConservationCameraTraps\chile_piedra012013_2403201365704.jpg;1
\vacia\empty_caltechCameraTraps\5a116b82-23d2-11e8-a6a3-ec086b02610b.jpg;0
\cervidae\2_ciervo_Javi_3_JC\21_20201025 (4027).JPG;1
\lince\Lince_a_Linces2_Leo_JC\lince94 (268).JPG;1
\lince\Lince_b_Linces2_Leo_JC\lince228 (244).JPG;1
\caballo\HORSE_ZOO_1_4\15_20210117 (14904).JPG;1
\vaca\cow_CaltechCameraTrap\58b6674d-23d2-11e8-a6a3-ec086b02610b.jpg;1
\cervidae\CERVIDREDORFALLOWDEER_ZOO_5_6_7_9\45_20210418 (313).JPG;1
\lince\Lince_b_Linces2_Leo_JC\lince209 (5).JPG;1
\vacia\NOANIMAL_ZOO_5_6_7_9\28_20210318 (15038).JPG;0
\zorro\zorro_buscar_cab_isaac_sin_contar\9_20201118 (328).JPG;1
\vacia\NOANIMAL_ZOO_1_4\10_20201117 (3160).JPG;0
\ave\ave_ave_WellingtonCameraTraps_SS\121116081208023a9231.JPG;1
\cervidae\deer_CaltechCameraTrap\59d751e0-23d2-11e8-a6a3-ec086b02610b.jpg;1
\vacia\empty_SnapshotMountainZebra\MTZ_S1_G04_R3_IMAG0341.JPG;0
\vaca\COW_ZOO_5_6_7_9\39_20210417 (1878).JPG;1
\vacia\empty_IslandConservationCameraTraps\dominicanrepublic_cam1826junio2015_20150505_133320_img_3172.jpg;0
\cervidae\CERVIDREDORFALLOWDEER_ZOO_5_6_7_9\5_20210319 (2060).JPG;1
\vacia\NOANIMAL_ZOO_5_6_7_9\19_20210417 (468).JPG;0
\cervidae\ciervo_Javi_3_JC\34_20201024 (2384).JPG;1
\cervidae\CERVIDREDORFALLOWDEER_ZOO_5_6_7_9\28_20210615 (1950).JPG;1
\vacia\NOANIMAL_ZOO_5_6_7_9\2_20210417 (16937).JPG;0
\leporido\conejo_alumno_1_TH\Conejo_alumno_2_AM_JC\Orycun (13)_frame140.jpg;1
\vacia\NOANIMAL_ZOO_5_6_7_9\20_20210219 (697) (2021_04_15 06_16_22 UTC).JPG;0
\vaca\cow_CaltechCameraTrap\5911d937-23d2-11e8-a6a3-ec086b02610b.jpg;1
\cervidae\ciervo_vacías_humanos_PNC_2012_ME\a40569IMAG0022.JPG;1
\lince\Lince_a_Linces2_Leo_JC\lince90 (115).JPG;1
\vacia\vacia_alumno_1_AM\40_20201024 (321).JPG;0
\vacia\vacia_Paco_Carro_JC\01130229.JPG;0
\tejon\Badger_mammalWeb\34790.jpg;1
\caballo\HORSE_ZOO_1_4\10_20201117 (1183).JPG;1
\vacia\NOANIMAL_ZOO_1_4\6_20201116 (4698).JPG;0
\cervidae\CERVIDREDORFALLOWDEER_ZOO_1_4\34_20201024 (2742).JPG;1
\vacia\vacias_PNM_2012_ME\d10084IM000124.JPG;0
\vaca\COW_ZOO_1_4\21_20210114 (931).JPG;1
\ave\OTHERSPECIES_ZOO_5_6_7_9\38_20210618 (1442).JPG;1
\vacia\NOANIMAL_ZOO_1_4\34_20210115 (3259).JPG;0
\vacia\NOANIMAL_ZOO_5_6_7_9\19_20210417 (1435).JPG;0
\vacia\vacia_alumno_TH_3_TH_JC\29_20201023 (709).JPG;0
\leporido\Rabbit_mammalWeb\117458.jpg;1
\micromamiferos\micromamiferos_Paco_Carro_JC\PICT0029.JPG;1
\cervidae\CERVIDREDORFALLOWDEER_ZOO_1_4\9_20201025 (758).JPG;1
\vacia\empty_IslandConservationCameraTraps\dominicanrepublic_cam1826julio2015_20150701_130113_img_0791.jpg;0
\vacia\vacias_2_de_2_PNC_2012_ISAAC\a3825IM000182.JPG;0
\vacia\NOANIMAL_ZOO_5_6_7_9\50_20210417 (20133).JPG;0
\cervidae\Ciervo_PNC_2014_JC\c19387IMAG0149.JPG;1
\caballo\HORSE_ZOO_5_6_7_9\17_20210418 (55).JPG;1
\cervidae\CERVIDREDORFALLOWDEER_ZOO_1_4\37_20201024 (4643).JPG;1
\ave\ave_alumno_1_TH\Ave (12)_frame050.jpg;1
\lince\linces_Linces2_Leo_JC\2_Lince_Linces2_Leo_JC\lince172 (13).JPG;1
\vacia\NOANIMAL_ZOO_1_4\6_20201812 (10195).JPG;0
\micromamiferos\rat_IslandConservationCameraTraps\ecuador2_ic1605_20181111_221157_img_0344.jpg;1
\vacia\empty_IslandConservationCameraTraps\ecuador1_ic1611_20150101_000005_img_1112.jpg;0
\ave\ave_ave_WellingtonCameraTraps_SS\090216125922044b7483.JPG;1
\cervidae\deer_CaltechCameraTrap\598c5d5f-23d2-11e8-a6a3-ec086b02610b.jpg;1
\zorro\zorro_PNM_2013-O_ISAAC\f8975IM000111.JPG;1
\cervidae\CERVIDREDORFALLOWDEER_ZOO_5_6_7_9\42_20210618 (120).JPG;1
\ave\bird_CaltechCameraTrap\5a1e5155-23d2-11e8-a6a3-ec086b02610b.jpg;1
\vacia\NOANIMAL_ZOO_5_6_7_9\31_20210615 (2408).JPG;0
\vacia\vacias_2_de_2_PNC_2012_ISAAC\a7373IM000424.JPG;0
\ave\Bird_ena24\1609.jpg;1
\vacia\NOANIMAL_ZOO_5_6_7_9\50_20210408 (23135).JPG;0
\vacia\empty_SnapshotMountainZebra\MTZ_S1_E04_R1_IMAG0748.JPG;0
\jabali\WILDBOAR_ZOO_1_4\15_20210117 (6732).JPG;1
\vacia\empty_IslandConservationCameraTraps\puertorico_29_20141216_154148_img_0233.jpg;0
\ave\OTHERSPECIES_ZOO_1_4\15_20210117 (7199).JPG;1
\cervidae\CERVIDREDORFALLOWDEER_ZOO_5_6_7_9\19_20210319 (1900).JPG;1
\vaca\COW_ZOO_5_6_7_9\39_20210417 (2035).JPG;1
\cervidae\CERVIDREDORFALLOWDEER_ZOO_5_6_7_9\28_20210615 (3871).JPG;1
\humanovehiculo\HUMANORVEHICLE_ZOO_5_6_7_9\11_20210218 (971) (2021_04_15 06_16_22 UTC).JPG;1
\vacia\NOANIMAL_ZOO_1_4\6_20201812 (14995).JPG;0
\zorro\zorro_PNM_2013-I_ISAAC\e1641IM000112.JPG;1
\vacia\vacia_alumno_1_TH\Nada (9)_frame090.jpg;0
\vacia\NOANIMAL_ZOO_5_6_7_9\2_20210319 (1301).JPG;0
\leporido\conejo_Paco_Carro_JC\PICT1496.JPG;1
\vacia\NOANIMAL_ZOO_5_6_7_9\9_20210615 (607).JPG;0
\vaca\COW_ZOO_5_6_7_9\49_20210418 (2032).JPG;1
\vacia\empty_IslandConservationCameraTraps\dominicanrepublic_cam1826julio2015_20150713_093738_img_2111.jpg;0
\cervidae\ciervo_PNC_2014_ISAAC\c22568IM000057.JPG;1
\cervidae\3_ciervo_simone_2\37_20201024 (1321).JPG;1
\cervidae\CERVIDREDORFALLOWDEER_ZOO_1_4\24_20210115 (2788).JPG;1
\vacia\NOANIMAL_ZOO_5_6_7_9\24_20210318 (16277).JPG;0
\lince\Lince_a_Linces2_Leo_JC\lince103 (381).JPG;1
\ave\bird_CaltechCameraTrap\5976a214-23d2-11e8-a6a3-ec086b02610b.jpg;1
\zorro\fox_CaltechCameraTrap_ME\58693432-23d2-11e8-a6a3-ec086b02610b.jpg;1
\zorro\zorro_PNC_2014_manuel\c25835IM000053.JPG;1
\vacia\vacias_2_de_2_PNC_2012_ISAAC\a7820IM000138.JPG;0
\gato_domestico\gato_WellingtonCameraTraps_SS\200916151428022as221.JPG;1
\ave\bird_CaltechCameraTrap\58ac0d4d-23d2-11e8-a6a3-ec086b02610b.jpg;1
\gineta\gineta_Saul Martin_FRAMES_SIN_REPETIDOS_REVISADOS_DIEGO\IMAG0010_frame460.jpg;1
\cervidae\CERVIDREDORFALLOWDEER_ZOO_5_6_7_9\2_20210618 (22578).JPG;1
\humanovehiculo\humanovehiculo_leo_donana\0007246.JPG;1
\leporido\Lagomorpha1__diego_2_rev_donana\6_20201023 (2762).JPG;1
\cervidae\deer_CaltechCameraTrap\58d7a0fd-23d2-11e8-a6a3-ec086b02610b.jpg;1
\ave\bird_CaltechCameraTrap\5860ef9c-23d2-11e8-a6a3-ec086b02610b.jpg;1
\tejon\Tejon_PEPE_IREC_JC\IMAG1499_(2).JPG;1
\cervidae\CERVIDREDORFALLOWDEER_ZOO_1_4\21_20201119 (3286).JPG;1
\leporido\rabbit_CaltechCameraTrap_ME\59216583-23d2-11e8-a6a3-ec086b02610b.jpg;1
\cervidae\ciervo_PNC_2013-O_RED_ISAAC\b16571IM000173.JPG;1
\ave\ave_Soraya_Padilla_Alumno_1_TH\DSCF0034_frame090.jpg;1
\vacia\NOANIMAL_ZOO_5_6_7_9\28_20210219 (897) (2021_04_15 06_16_22 UTC).JPG;0
\vacia\NOANIMAL_ZOO_1_4\6_20201116 (4219).JPG;0
\vacia\vacia_vacías_humanos_PNC_2012_ME\a12468IM000896.JPG;0
\cervidae\ciervo_PNM_2012_ISAAC\d13120IM000039.JPG;1
\cervidae\deer_CaltechCameraTrap\5a230f87-23d2-11e8-a6a3-ec086b02610b.jpg;1
\vacia\vacia_alumno_2_AM_JC\DSCF0255_frame190.jpg;0
\jabali\WILDBOAR_ZOO_1_4\37_20201024 (883).JPG;1
\vacia\NOANIMAL_ZOO_5_6_7_9\19_20210319 (1943).JPG;0
\vaca\COW_ZOO_5_6_7_9\49_20210418 (2174).JPG;1
\zorro\zorro_PNC_2014_manuel\c10940IMAG0014.JPG;1
\vacia\NOANIMAL_ZOO_1_4\6_20201812 (10879).JPG;0
\cervidae\CERVIDREDORFALLOWDEER_ZOO_5_6_7_9\39_20210318 (65).JPG;1
\cervidae\CERVIDREDORFALLOWDEER_ZOO_1_4\15_20210117 (2940).JPG;1
\vacia\NOANIMAL_ZOO_5_6_7_9\50_20210417 (22793).JPG;0
\humanovehiculo\car_CaltechCameraTrap_ME\vehiculo\59c66a78-23d2-11e8-a6a3-ec086b02610b.jpg;1
\cervidae\ciervo_ME_rev_3_donana\15_20201024 (2582).JPG;1
\jabali\WILDBOAR_ZOO_1_4\29_20201023 (233).JPG;1
\vacia\vacias_PNM_2013-O_ISAAC\f1204IM001112.JPG;0
\cervidae\ciervo_vacías_humanos_PNC_2012_ME\a17879IM000083.JPG;1
\gato_domestico\cat_IslandConservationCameraTraps\palau_cam13a12132018_20181020_031228_rcnx0914.jpg;1
\leporido\conejo_WellingtonCameraTraps_SS\090516085040035c9192.JPG;1
\vacia\NOANIMAL_ZOO_5_6_7_9\18_20210219 (3152) (2021_04_15 06_16_22 UTC).JPG;0
\cervidae\CERVIDREDORFALLOWDEER_ZOO_1_4\20_20201024 (754).JPG;1
\ave\ave_PNC_2013-O_RED_ISAAC\b4839IMAG0719.JPG;1
\vacia\NOANIMAL_ZOO_5_6_7_9\25_20210417 (6484).JPG;0
\vaca\cow_CaltechCameraTrap\58bea650-23d2-11e8-a6a3-ec086b02610b.jpg;1
\vacia\vacias_PNC_2014_ISAAC\c8316IM000662.JPG;0
\vacia\NOANIMAL_ZOO_1_4\20_20201215 (174).JPG;0
\leporido\rabbit_CaltechCameraTrap_ME\588c138f-23d2-11e8-a6a3-ec086b02610b.jpg;1
\zorro\Zorro_Pepe_IREC\Zorro_Pepe_Irec_ME\IMAG2408_(2).JPG;1
\cervidae\cervidae_alumno_1_AM_2\30_20201021 (12109).JPG;1
\garduna\garduna_PNM_2013-O_ME\f26622IMAG0096.JPG;1
\leporido\rabbit_CaltechCameraTrap_ME\597cd4cb-23d2-11e8-a6a3-ec086b02610b.jpg;1
\gato_domestico\gato_WellingtonCameraTraps_SS\29091517394202375951.JPG;1
\mapache\raccoon_CaltechCameraTrap_ME\59a7bd78-23d2-11e8-a6a3-ec086b02610b.jpg;1
\cervidae\CERVIDREDORFALLOWDEER_ZOO_1_4\21_20201025 (4313).JPG;1
\vacia\empty_SnapshotMountainZebra\MTZ_S1_D05_R1_IMAG1886.JPG;0
\cervidae\cervidae_buscar_cab_isaac_sin_contar\28_20201218 (154).JPG;1
\vacia\NOANIMAL_ZOO_5_6_7_9\39_20210417 (3843).JPG;0
\vacia\empty_caltechCameraTraps\59d5b51d-23d2-11e8-a6a3-ec086b02610b.jpg;0
\vacia\NOANIMAL_ZOO_1_4\15_20201117 (978).JPG;0
\leporido\rabbit_IslandConservationCameraTraps\chile_frances012013_1501201325520.jpg;1
\leporido\rabbit_CaltechCameraTrap_ME\58af76e1-23d2-11e8-a6a3-ec086b02610b.jpg;1
\vacia\NOANIMAL_ZOO_5_6_7_9\50_20210417 (21193).JPG;0
\vacia\vacia_alumno_1_TH\Nada (46)_frame110.jpg;0
\leporido\rabbit_IslandConservationCameraTraps\chile_frances022013_16042013143529.jpg;1
\cervidae\CERVIDREDORFALLOWDEER_ZOO_1_4\15_20210117 (8946).JPG;1
\leporido\rabbit_CaltechCameraTrap_ME\599290e3-23d2-11e8-a6a3-ec086b02610b.jpg;1
\leporido\rabbit_IslandConservationCameraTraps\chile_frances012013_29122012124235.jpg;1
\vacia\empty_caltechCameraTraps\5957c1ad-23d2-11e8-a6a3-ec086b02610b.jpg;0
\vacia\empty_caltechCameraTraps\59c31a88-23d2-11e8-a6a3-ec086b02610b.jpg;0
\humanovehiculo\car_CaltechCameraTrap_ME\vehiculo\5930fff0-23d2-11e8-a6a3-ec086b02610b.jpg;1
\humanovehiculo\car_CaltechCameraTrap_ME\vehiculo\59df5e55-23d2-11e8-a6a3-ec086b02610b.jpg;1
\humanovehiculo\car_CaltechCameraTrap_ME\vehiculo\59260e79-23d2-11e8-a6a3-ec086b02610b.jpg;1
\humanovehiculo\humanovehiculo_PNC_2014_manuel\c3056IM000165.JPG;1
\lince\Lince_b_Linces2_Leo_JC\lince216 (153).jpg;1
\ave\OTHERSPECIES_ZOO_5_6_7_9\17_20210418 (810).JPG;1
\leporido\conejo_WellingtonCameraTraps_SS\030216084528020c5951.JPG;1
\vaca\COW_ZOO_1_4\17_20201026 (760).JPG;1
\vacia\NOANIMAL_ZOO_5_6_7_9\28_20210417 (3418).JPG;0
\humanovehiculo\car_CaltechCameraTrap_ME\vehiculo\591cb2c2-23d2-11e8-a6a3-ec086b02610b.jpg;1
\lince\linces_Linces2_Leo_JC\2_Lince_Linces2_Leo_JC\lince148 (29).jpg;1
\vacia\NOANIMAL_ZOO_1_4\7_20210115 (4125).JPG;0
\zorro\Red fox_mammalWeb\108794.jpg;1
\leporido\Rabbit_mammalWeb\38733.jpg;1
\zorro\zorro_PNC_2014_manuel\c17453IM000026.JPG;1
\jabali\WILDBOAR_ZOO_1_4\37_20201024 (401).JPG;1
\vacia\NOANIMAL_ZOO_1_4\34_20210115 (4468).JPG;0
\cervidae\gamo_Javi_3_JC\21_20201025 (336).JPG;1
\vacia\NOANIMAL_ZOO_5_6_7_9\24_20210318 (5985).JPG;0
\cervidae\CERVIDREDORFALLOWDEER_ZOO_5_6_7_9\44_20210618 (32).JPG;1
\vaca\cow_CaltechCameraTrap\590a0e10-23d2-11e8-a6a3-ec086b02610b.jpg;1
\zorro\zorro_PNC_2014_manuel\c7571IM000015.JPG;1
\cervidae\corzo_alumno_2_AM_JC\STC_0159_frame180.jpg;1
\vacia\NOANIMAL_ZOO_5_6_7_9\25_20210417 (5932).JPG;0
\vacia\NOANIMAL_ZOO_1_4\15_20210117 (22).JPG;0
\cervidae\2_ciervo_Javi_3_JC\10_20201019 (1304).JPG;1
\cervidae\ciervo_PNC_2013-O_RED_ISAAC\b17561IM000097.JPG;1
\vacia\NOANIMAL_ZOO_1_4\6_20201812 (8871).JPG;0
\vacia\empty_SnapshotMountainZebra\MTZ_S1_D06_R1_IMAG2456.JPG;0
\vacia\NOANIMAL_ZOO_5_6_7_9\21_20210418 (245).JPG;0
\cervidae\deer_CaltechCameraTrap\5897b32e-23d2-11e8-a6a3-ec086b02610b.jpg;1
\jabali\WILDBOAR_ZOO_1_4\7_20201118 (305).JPG;1
\zorro\zorro_PNC_2013-O_RED_ISAAC\b13685IM000102.JPG;1
\vacia\empty_SnapshotMountainZebra\MTZ_S1_E06_R3_IMAG1224.JPG;0
\vaca\COW_ZOO_5_6_7_9\21_20210318 (14086).JPG;1
\cervidae\deer_CaltechCameraTrap\59292e78-23d2-11e8-a6a3-ec086b02610b.jpg;1
\ave\ave_Soraya_Padilla_Alumno_1_TH\STC_0172_frame050.jpg;1
\vacia\NOANIMAL_ZOO_1_4\7_20210115 (3119).JPG;0
\leporido\rabbit_CaltechCameraTrap_ME\58a6e8cf-23d2-11e8-a6a3-ec086b02610b.jpg;1
\ave\bird_CaltechCameraTrap\5949d179-23d2-11e8-a6a3-ec086b02610b.jpg;1
\vacia\NOANIMAL_ZOO_5_6_7_9\32_20210615 (5982).JPG;0
\jabali\WILDBOAR_ZOO_1_4\7_20201118 (2026).JPG;1
\vacia\empty_SnapshotMountainZebra\MTZ_S1_D05_R1_IMAG0904.JPG;0
\vacia\NOANIMAL_ZOO_1_4\6_20201812 (11831).JPG;0
\vacia\vacia_Paco_Carro_JC\01130077.JPG;0
\cervidae\CERVIDREDORFALLOWDEER_ZOO_5_6_7_9\24_20210318 (3999).JPG;1
\ave\OTHERSPECIES_ZOO_5_6_7_9\50_20210408 (11849).JPG;1
\cervidae\CERVIDREDORFALLOWDEER_ZOO_1_4\42_20201118 (122).JPG;1
\vaca\cow_CaltechCameraTrap\58f423f5-23d2-11e8-a6a3-ec086b02610b.jpg;1
\vaca\COW_ZOO_5_6_7_9\21_20210418 (1437).JPG;1
\gato_domestico\cat_IslandConservationCameraTraps\palau_cam6a12132018_20180911_181442_rcnx0430.jpg;1
\jabali\jabali_buscar_cab_isaac_sin_contar\28_20201117 (982).JPG;1
\cervidae\ciervo_PNM_2013-O_ME\f11573FILE0027.JPG;1
\vacia\NOANIMAL_ZOO_5_6_7_9\25_20210319 (1779).JPG;0
\zorro\Zorro_Pepe_IREC\Zorro_Pepe_Irec_ME\IMAG0089_(3).JPG;1
\vacia\NOANIMAL_ZOO_1_4\4_20201220 (1580).JPG;0
\vacia\Vacia_ME_rev_2_donana\6_20201023 (1872).JPG;0
\vacia\vacia_Paco_Carro_JC\IMG_0547.JPG;0
\humanovehiculo\humano_vehiculo_PNC_2013-I_ISAAC\2369IM000006.JPG;1
\humanovehiculo\humano_vehiculo_PNM_2012_ISAAC\d11372IM000017.JPG;1
\cervidae\CIERVO_PNM_2012_ISAAC\d14472IMAG0025.JPG;1
\vacia\NOANIMAL_ZOO_5_6_7_9\20_20210319 (568).JPG;0
\leporido\LEPORIDRABBITORHARE_ZOO_1_4\6_20201023 (3346).JPG;1
\vacia\empty_SnapshotMountainZebra\MTZ_S1_E06_R3_IMAG1705.JPG;0
\vacia\NOANIMAL_ZOO_5_6_7_9\25_20210417 (12081).JPG;0
\jabali\WILDBOAR_ZOO_5_6_7_9\1_20210219 (352) (2021_04_15 06_16_22 UTC).JPG;1
\vaca\COW_ZOO_5_6_7_9\21_20210418 (2055).JPG;1
\zorro\zorro_PNC_2013-I_RED_ME\1061IMAG0084.JPG;1
\cervidae\2_cervidae_alumno_2_TH\37_20201024 (10871).JPG;1
\cervidae\Ciervo_PNC_2013-O_ME\b12158IMAG0613.JPG;1
\humanovehiculo\humanovehiculo_leo_donana\0013989.JPG;1
\zorro\Zorro_PNC_2014_JC\c3349IM000089.JPG;1
\ave\ave_PNC_2013-O_RED_ISAAC\b4507IMAG0385.JPG;1
\vacia\empty_SnapshotKaroo\KAR_S1_C02_R1_IMAG1497.JPG;0
\vacia\empty_IslandConservationCameraTraps\puertorico_2a_20150110_091400_img_0144.jpg;0
\vacia\NOANIMAL_ZOO_5_6_7_9\13_20210218 (1384) (2021_04_15 06_16_22 UTC).JPG;0
\vacia\NOANIMAL_ZOO_1_4\6_20201812 (9843).JPG;0
\vaca\COW_ZOO_5_6_7_9\21_20200113 (2446) (2021_04_15 06_16_22 UTC).JPG;1
\caballo\caballos_alumno_AM\caballos_alumno_AM\2_20201215 (117).JPG;1
\vacia\NOANIMAL_ZOO_1_4\9_20210114 (133).JPG;0
\cervidae\CERVIDREDORFALLOWDEER_ZOO_1_4\15_20201117 (4138).JPG;1
\zorro\zorro_PNC_2013-I_RED_ME\7435IM000010.JPG;1
\caballo\HORSE_ZOO_1_4\15_20210117 (13305).JPG;1
\cervidae\ciervo_PNM_2013-O_ISAAC\f29507IMAG1091.JPG;1
\meloncillo\Meloncillo_PEPE_IREC_JC\IMAG0045_(3).JPG;1
\vacia\NOANIMAL_ZOO_5_6_7_9\39_20210615 (19406).JPG;0
\zorro\REDFOX_ZOO_1_4\32_20201117 (206).JPG;1
\caballo\caballos_alumno_AM\caballos_alumno_AM\9_20201712 (1119).JPG;1
\jabali\jabali_alumno_2_2_TH_JC\33_20201025 (225).JPG;1
\leporido\rabbit_IslandConservationCameraTraps\chile_vaqueria2013_22012013121211.jpg;1
\vacia\vacia_alumno_TH_3_TH_JC\32_20201022 (691).JPG;0
\cervidae\ciervo_vacías_humanos_PNC_2012_ME\a23430IM000080.JPG;1
\leporido\liebre\Liebre_PNC_2012_JC\a44553IM000132.JPG;1
\humanovehiculo\humanovehiculo_PNM_2013-I_ME\e4923IM000043.JPG;1
\vacia\vacia_alumno_1_AM\32_20201022 (86).JPG;0
\caballo\HORSE_ZOO_1_4\9_20210114 (1387).JPG;1
\lince\Lince_a_Linces2_Leo_JC\lince70 (42).JPG;1
\cervidae\CERVIDREDORFALLOWDEER_ZOO_5_6_7_9\19_20210319 (790).JPG;1
\humanovehiculo\car_CaltechCameraTrap_ME\vehiculo\58960a6f-23d2-11e8-a6a3-ec086b02610b.jpg;1
\micromamiferos\micromamifero_WellingtonCameraTraps_SS\130716054632038cs522.JPG;1
\vacia\empty_SnapshotCamdeboo\CDB_S1_E03_R1_IMAG0092.JPG;0
\jabali\jabali_PNC_2014_manuel\c5584IM000167.JPG;1
\vaca\COW_ZOO_5_6_7_9\21_20210318 (14394).JPG;1
\zorro\zorro_PNM_2012_ISAAC\d4170IM000444.JPG;1
\cervidae\Ciervo_PNC_2014_JC\c16122IM000102.JPG;1
\caballo\HORSE_ZOO_5_6_7_9\15_20210219 (8413) (2021_04_15 06_16_22 UTC).JPG;1
\leporido\conejo_Paco_Carro_JC\PICT1948.JPG;1
\cervidae\ciervo_simone_2\37_20201024 (1022).JPG;1
\humanovehiculo\humanovehiculo_PNC_2013-O_RED_ISAAC\b12538IM000038.JPG;1
\vacia\vacia_javi_2_JC\33_20201025 (56).JPG;0
\cervidae\ciervo_PNC_2013-I_ME\8621IMAG0160.JPG;1
\vacia\NOANIMAL_ZOO_1_4\4_20201220 (1102).JPG;0
\vacia\vacias_PNC_2014_ISAAC\c12178IMAG0106.JPG;0
\vacia\NOANIMAL_ZOO_5_6_7_9\39_20210615 (3631).JPG;0
\vacia\empty_SnapshotMountainZebra\MTZ_S1_D07_R1_IMAG0413.JPG;0
\cervidae\CERVIDREDORFALLOWDEER_ZOO_5_6_7_9\38_20210417 (461).JPG;1
\jabali\2_jabali_ss\29_20201023 (673).JPG;1
\ave\chicken_IslandConservationCameraTraps\palau_cam03a08312018_20180824_142305_rcnx0096.jpg;1
\vacia\vacia_alumno_1_TH\Nada (11)_frame100.jpg;0
\jabali\WILDBOAR_ZOO_1_4\31_20210115 (422).JPG;1
\vacia\NOANIMAL_ZOO_5_6_7_9\5_20210618 (67).JPG;0
\cervidae\CERVIDREDORFALLOWDEER_ZOO_1_4\24_20201218 (603).JPG;1
\zorro\fox_CaltechCameraTrap_ME\5a0b0102-23d2-11e8-a6a3-ec086b02610b.jpg;1
\zorro\Zorro_PNC_2014_JC\c25163IM000137.JPG;1
\ave\white-winged_dove_IslandConservationCameraTraps\dominicanrepublic_cam0619mayo2016_20160517_143632_img_0011.jpg;1
\vaca\cow_CaltechCameraTrap\59104898-23d2-11e8-a6a3-ec086b02610b.jpg;1
\zorro\ZORRO_PNM_2013-I_ISAAC\e2703IM000045.JPG;1
\zorro\zorro_vacías_humanos_PNC_2012_ME\a34940IMAG0061.JPG;1
\vacia\empty_IslandConservationCameraTraps\dominicanrepublic_cam1626junio2015_20150622_101330_img_0049.jpg;0
\vacia\empty_IslandConservationCameraTraps\ecuador2_ic1607_20150122_054840_img_0420.jpg;0
\vacia\NOANIMAL_ZOO_5_6_7_9\49_20210418 (17312).JPG;0
\cervidae\CERVIDREDORFALLOWDEER_ZOO_1_4\21_20201025 (4888).JPG;1
\vacia\NOANIMAL_ZOO_5_6_7_9\25_20210417 (20415).JPG;0
\vacia\empty_SnapshotMountainZebra\MTZ_S1_D06_R1_IMAG2782.JPG;0
\vacia\NOANIMAL_ZOO_1_4\6_20201812 (13281).JPG;0
\vacia\empty_IslandConservationCameraTraps\dominicanrepublic_cam2015abril2015_20150416_143612_img_5698.jpg;0
\jabali\jabali_alumno_1_AM_2\16_20201025 (281).JPG;1
\vacia\NOANIMAL_ZOO_1_4\4_20201220 (8100).JPG;0
\vacia\NOANIMAL_ZOO_1_4\21_20201119 (4343).JPG;0
\cervidae\ciervo_PNC_2013-I_ME\5544IMAG0020.JPG;1
\cervidae\CERVIDREDORFALLOWDEER_ZOO_5_6_7_9\9_20210615 (243).JPG;1
\vacia\empty_IslandConservationCameraTraps\dominicanrepublic_cam1826julio2015_20150708_085316_img_1542.jpg;0
\vaca\2_vaca_Paco_Carro_JC\PICT0025.JPG;1
\micromamiferos\micromamiferos_Paco_Carro_JC\IMG_0272.JPG;1
\vacia\NOANIMAL_ZOO_1_4\15_20210117 (11287).JPG;0
\ave\OTHERSPECIES_ZOO_5_6_7_9\39_20210417 (4302).JPG;1
\leporido\conejo_PNC_2014_manuel\c24240IMAG0233.JPG;1
\micromamiferos\Small rodent_mammalWeb\130762.jpg;1
\cervidae\ciervo_PNC_2013-I_RED_ME\965IM000096.JPG;1
\cervidae\ciervo_PNM_2012_ISAAC\d6269IMAG0229.JPG;1
\zorro\zorro_PNC_2013-I_ME\1329IM000028.JPG;1
\gato_domestico\cat_IslandConservationCameraTraps\palau_cam13a12132018_20180913_175641_rcnx0390.jpg;1
\caballo\HORSE_ZOO_1_4\17_20201225 (100).JPG;1
\vacia\NOANIMAL_ZOO_5_6_7_9\37_20210220 (879) (2021_04_15 06_16_22 UTC).JPG;0
\vaca\COW_ZOO_5_6_7_9\21_20210418 (2142).JPG;1
\gato_domestico\cat_IslandConservationCameraTraps\puertorico_18_20150120_151643_img_0208.jpg;1
\ave\shearwater_IslandConservationCameraTraps\chile_vaqueria2013_0612201232111.jpg;1
\cervidae\CERVIDREDORFALLOWDEER_ZOO_5_6_7_9\47_20210418 (1623).JPG;1
\vacia\empty_IslandConservationCameraTraps\dominicanrepublic_cam0425abril2015_20130822_074118_sunp4513.jpg;0
\vacia\empty_IslandConservationCameraTraps\ecuador1_ic1611_20150101_000004_img_1111.jpg;0
\jabali\WILDBOAR_ZOO_5_6_7_9\10_20210319 (9811).JPG;1
\vacia\empty_caltechCameraTraps\59519056-23d2-11e8-a6a3-ec086b02610b.jpg;0
\vacia\NOANIMAL_ZOO_5_6_7_9\24_20210418 (8095).JPG;0
\vacia\empty_IslandConservationCameraTraps\dominicanrepublic_cam0425abril2015_20130821_044206_sunp3984.jpg;0
\zorro\zorro_vacías_humanos_PNC_2012_ME\a47551IM000044.JPG;1
\vaca\COW_ZOO_1_4\17_20201026 (778).JPG;1
\cervidae\cervidae_buscar_cab_isaac_sin_contar\2_20201117 (1498).JPG;1
\vacia\vacias_PNM_2013-I_ISAAC\e1148IMAG0058.JPG;0
\vaca\COW_ZOO_1_4\2_20201215 (4287).JPG;1
\vacia\vacias_1_de_2_PNC_2012_ISAAC\a38553IMAG0291.JPG;0
\vacia\SnampshotEnonkishu\ENO_S1_D03_R1_IMAG1718.JPG;0
\cervidae\CERVIDREDORFALLOWDEER_ZOO_5_6_7_9\5_20210417 (1381).JPG;1
\vacia\NOANIMAL_ZOO_1_4\37_20210115 (542).JPG;0
\vaca\cow_CaltechCameraTrap\587829d0-23d2-11e8-a6a3-ec086b02610b.jpg;1
\vacia\vacias_PNM_2013-O_ISAAC\f15532IMAG0304.JPG;0
\jabali\WILDBOAR_ZOO_5_6_7_9\47_20210418 (1184).JPG;1
\zorro\zorro_PNM_2013-I_ISAAC\e2436IM000298.JPG;1
\cervidae\CERVIDREDORFALLOWDEER_ZOO_1_4\18_20201024 (207).JPG;1
\lince\Lince_b_Linces2_Leo_JC\lince144 (20).JPG;1
\jabali\WILDBOAR_ZOO_1_4\37_20210115 (554).JPG;1
\vacia\empty_IslandConservationCameraTraps\ecuador1_ic1611_20150101_000005_img_2320.jpg;0
\vacia\NOANIMAL_ZOO_1_4\26_20201020 (15582).JPG;0
\vaca\COW_ZOO_5_6_7_9\21_20210418 (1817).JPG;1
\vacia\Nothing_mammalWeb\15759.jpg;0
\caballo\HORSE_ZOO_5_6_7_9\15_20210219 (8781) (2021_04_15 06_16_22 UTC).JPG;1
\vacia\NOANIMAL_ZOO_5_6_7_9\50_20210408 (17205).JPG;0
\cervidae\ciervo_Javi_3_JC\21_20201025 (2070).JPG;1
\cervidae\CERVIDREDORFALLOWDEER_ZOO_5_6_7_9\28_20210615 (232).JPG;1
\vacia\NOANIMAL_ZOO_1_4\34_20210115 (5485).JPG;0
\vacia\NOANIMAL_ZOO_5_6_7_9\2_20210417 (4113).JPG;0
\vacia\vacias_PNC_2014_ISAAC\c9612IM000366.JPG;0
\vacia\NOANIMAL_ZOO_1_4\34_20210115 (6041).JPG;0
\vacia\vacias_PNC_2013-I_ME\9828IM000012.JPG;0
\lince\Lince_b_Linces2_Leo_JC\lince185 (22).JPG;1
\vacia\empty_IslandConservationCameraTraps\dominicanrepublic_cam0425abril2015_20130815_053815_sunp2670.jpg;0
\vacia\NOANIMAL_ZOO_1_4\26_20201020 (14633).JPG;0
\cervidae\CERVIDREDORFALLOWDEER_ZOO_1_4\39_20210115 (558).JPG;1
\caballo\caballos_TH_JC\17_20201225 (17).JPG;1
\vacia\NOANIMAL_ZOO_5_6_7_9\36_20210618 (7074).JPG;0
\vacia\NOANIMAL_ZOO_1_4\6_20201116 (4533).JPG;0
\ave\ave_Soraya_Padilla_Alumno_1_TH\DSCF0086_frame110.jpg;1
\ave\ave_ave_WellingtonCameraTraps_SS\050216071600003a9705.JPG;1
\lince\Lince_a_Linces2_Leo_JC\lince110 (44).jpg;1
\ave\bird_spec_MissouriCameraTrap\SEQ81005_IMG_0001.JPG;1
\vacia\NOANIMAL_ZOO_1_4\15_20201117 (8902).JPG;0
\cervidae\3_gamo_alumno_2_TH\21_20201025 (2634).JPG;1
\humanovehiculo\HUMANORVEHICLE_ZOO_1_4\28_20201218 (16254).JPG;1
\vacia\empty_SnapshotMountainZebra\MTZ_S1_G04_R3_IMAG2787.JPG;0
\vacia\SnampshotEnonkishu\ENO_S1_D06_R1_IMAG4574.JPG;0
\lince\linces_Linces2_Leo_JC\2_Lince_Linces2_Leo_JC\lince172 (8).JPG;1
\vacia\empty_caltechCameraTraps\598c5abb-23d2-11e8-a6a3-ec086b02610b.jpg;0
\vacia\NOANIMAL_ZOO_1_4\37_20201215 (2631).JPG;0
\vacia\NOANIMAL_ZOO_5_6_7_9\20_20210618 (3959).JPG;0
\humanovehiculo\car_CaltechCameraTrap_ME\vehiculo\59373612-23d2-11e8-a6a3-ec086b02610b.jpg;1
\vaca\COW_ZOO_1_4\21_20201025 (3309).JPG;1
\vacia\empty_IslandConservationCameraTraps\dominicanrepublic_cam0526julio2015_20150627_113608_sunp1246.jpg;0
\cervidae\2_corzo_alumno_2_AM_JC\STC_0355_frame190.jpg;1
\jabali\4_jabali_javi_JC\37_20201024 (893).JPG;1
\vacia\empty_IslandConservationCameraTraps\dominicanrepublic_cam11518mayo2017a_20170121_124648_img_0222.jpg;0
\vacia\vacia_alumno_AM_2\27_20201023 (3178).JPG;0
\leporido\rabbit_IslandConservationCameraTraps\chile_frances022013_26042013160848.jpg;1
\vacia\NOANIMAL_ZOO_1_4\1_20210115 (443).JPG;0
\humanovehiculo\humano_vehiculo_PNM_2013-O_ISAAC\f8782IM000013.JPG;1
\vacia\NOANIMAL_ZOO_1_4\6_20201812 (12518).JPG;0
\vacia\NOANIMAL_ZOO_1_4\7_20210115 (3384).JPG;0
\cervidae\CERVIDREDORFALLOWDEER_ZOO_5_6_7_9\39_20210318 (237).JPG;1
\cervidae\CERVIDREDORFALLOWDEER_ZOO_5_6_7_9\38_20210219 (1412) (2021_04_15 06_16_22 UTC).JPG;1
\cervidae\CERVIDREDORFALLOWDEER_ZOO_5_6_7_9\19_20210219 (1624) (2021_04_15 06_16_22 UTC).JPG;1
\cervidae\deer_CaltechCameraTrap\59a7bc59-23d2-11e8-a6a3-ec086b02610b.jpg;1
\zorro\REDFOX_ZOO_1_4\11_20210114 (629).JPG;1
\vacia\NOANIMAL_ZOO_5_6_7_9\50_20210417 (22801).JPG;0
\vacia\NOANIMAL_ZOO_1_4\7_20210115 (2107).JPG;0
\cervidae\CERVIDREDORFALLOWDEER_ZOO_1_4\37_20201116 (286).JPG;1
\vacia\NOANIMAL_ZOO_1_4\26_20201117 (2001).JPG;0
\vacia\empty_IslandConservationCameraTraps\ecuador1_ic1611_20150101_000001_img_1490.jpg;0
\jabali\WILDBOAR_ZOO_5_6_7_9\11_20210318 (1799).JPG;1
\humanovehiculo\humano_vehiculo_PNM_2012_ISAAC\d13380IM000009.JPG;1
\cervidae\CERVIDREDORFALLOWDEER_ZOO_5_6_7_9\35_20210218 (2399) (2021_04_15 06_16_22 UTC).JPG;1
\humanovehiculo\humanovehiculo_Caltech\5a096b64-23d2-11e8-a6a3-ec086b02610b.jpg;1
\vacia\vacia_alumno_2_AM_JC\adulto de día_frame210.jpg;0
\jabali\WILDBOAR_ZOO_5_6_7_9\11_20210318 (678).JPG;1
\lince\Lince_a_Linces2_Leo_JC\lince70 (60).JPG;1
\vaca\COW_ZOO_1_4\2_20210115 (3023).JPG;1
\jabali\WILDBOAR_ZOO_5_6_7_9\32_20210417 (10073).JPG;1
\vacia\empty_SnapshotCamdeboo\CDB_S1_C07_R1_IMAG2272.JPG;0
\vaca\COW_ZOO_5_6_7_9\21_20210615 (2662).JPG;1
\lince\Lince_a_Linces2_Leo_JC\lince94 (108).JPG;1
\cervidae\ciervo_PNC_2014_ISAAC\c15816IM000168.JPG;1
\vacia\vacias_1_de_2_PNC_2012_ISAAC\a34989IMAG0105.JPG;0
\vaca\COW_ZOO_5_6_7_9\2_20210319 (8707).JPG;1
\ave\petrel_chick_IslandConservationCameraTraps\ecuador2_ic1621a_20181024_043258_img_0027.jpg;1
\tejon\Tejon_PEPE_IREC_JC\IMAG0100_(7).JPG;1
\caballo\HORSE_ZOO_1_4\15_20210117 (8887).JPG;1
\vacia\NOANIMAL_ZOO_1_4\37_20201116 (522).JPG;0
\vacia\NOANIMAL_ZOO_5_6_7_9\39_20210615 (4154).JPG;0
\zorro\REDFOX_ZOO_1_4\32_20201218 (442).JPG;1
\vacia\NOANIMAL_ZOO_1_4\6_20201812 (8646).JPG;0
\vacia\NOANIMAL_ZOO_1_4\7_20210115 (1571).JPG;0
\vacia\NOANIMAL_ZOO_1_4\18_20200130 (1811).JPG;0
\lince\linces_Linces2_Leo_JC\2_Lince_Linces2_Leo_JC\Lince57 (260).JPG;1
\vacia\empty_caltechCameraTraps\59ef8cae-23d2-11e8-a6a3-ec086b02610b.jpg;0
\vacia\empty_SnapshotCamdeboo\CDB_S1_B06_R2_IMAG0202.JPG;0
\humanovehiculo\HUMANORVEHICLE_ZOO_1_4\35_20201218 (2318).JPG;1
\vacia\vacia_alumno_2_AM_JC\STC_0004_frame340.jpg;0
\cervidae\deer_CaltechCameraTrap\59f60064-23d2-11e8-a6a3-ec086b02610b.jpg;1
\vacia\vacias_1_de_2_PNC_2012_ISAAC\a49768IM000207.JPG;0
\vacia\empty_SnapshotKaroo\KAR_S1_B01_R1_IMAG3610.JPG;0
\cervidae\CERVIDREDORFALLOWDEER_ZOO_5_6_7_9\15_20210219 (2655) (2021_04_15 06_16_22 UTC).JPG;1
\vacia\NOANIMAL_ZOO_1_4\26_20201020 (5024).JPG;0
\cervidae\deer_CaltechCameraTrap\59f12892-23d2-11e8-a6a3-ec086b02610b.jpg;1
\vacia\NOANIMAL_ZOO_1_4\6_20201116 (4180).JPG;0
\jabali\WILDBOAR_ZOO_1_4\7_20201118 (807).JPG;1
\leporido\conejo_PNM_2012_ISAAC\d4510IM000787.JPG;1
\vaca\COW_ZOO_5_6_7_9\17_20210218 (53) (2021_04_15 06_16_22 UTC).JPG;1
\caballo\caballos_javier_JC\35_20201218 (206).JPG;1
\jabali\Jabali4___diego_2_rev_donana\40_20201024 (1519).JPG;1
\vacia\vacia_Soraya_Padilla_Alumno_1_TH\DSCF0099_frame050.jpg;0
\zorro\zorro_PNC_2013-O_RED_ISAAC\b15146IMAG0234.JPG;1
\leporido\conejo_WellingtonCameraTraps_SS\221016182920021cs141.JPG;1
\vacia\vacia_Paco_Carro_JC\IMG_0538 (2).JPG;0
\cervidae\ciervo_Javi_3_JC\7_20201025 (322).JPG;1
\lince\Lince_a_Linces2_Leo_JC\lince90 (185).JPG;1
\ave\white-winged_dove_IslandConservationCameraTraps\dominicanrepublic_cam11801agosto2017_20170629_152420_img_0055.jpg;1
\cervidae\CERVIDREDORFALLOWDEER_ZOO_1_4\4_20201220 (1007).JPG;1
\leporido\conejo_Paco_Carro_JC\PICT0535 (2).JPG;1
\gato_domestico\gato_WellingtonCameraTraps_SS\310116204022044b7485.JPG;1
\vacia\empty_SnapshotMountainZebra\MTZ_S1_E04_R1_IMAG0124.JPG;0
\zorro\Zorro_Pepe_IREC\Zorro_Pepe_Irec_ME\IMAG0918_(3).JPG;1
\cervidae\cervidae_ME_rev_3_donana\34_20201024 (4426).JPG;1
\jabali\3jabali_PNC_2013-O_RED_ISAAC\b12018IMAG0464.JPG;1
\zorro\zorro_PNM_2012_ME\d3422IM000010.JPG;1
\vaca\COW_ZOO_1_4\6_20201116 (1424).JPG;1
\ave\Petirrojo_PNC_2013-O_ME\b20049IMAG0096.JPG;1
\gato_domestico\gato_WellingtonCameraTraps_SS\211016065034003bs521.JPG;1
\vacia\Vacias_PNC_2014_JC\c8899IM000199.JPG;0
\micromamiferos\rat_IslandConservationCameraTraps\micronesia_cam03april2019_20190411_203741_rcnx0157.jpg;1
\cervidae\ciervo_PNC_2013-O_RED_ISAAC\b18306IM000136.JPG;1
\lince\Lince_b_Linces2_Leo_JC\lince132 (24).JPG;1
\vacia\vacias_2_de_2_PNC_2012_ISAAC\a5487IM000289.JPG;0
\zorro\Zorro_Pepe_IREC\Zorro_Pepe_Irec_ME\IMAG0271_(2).JPG;1
\caballo\caballos_javier_JC\2_20201117 (217).JPG;1
\vacia\NOANIMAL_ZOO_5_6_7_9\49_20210418 (4768).JPG;0
\cervidae\CERVIDREDORFALLOWDEER_ZOO_5_6_7_9\42_20210218 (258) (2021_04_15 06_16_22 UTC).JPG;1
\cervidae\5_ciervo_simone_2\34_20201024 (5674).JPG;1
\leporido\rabbit_CaltechCameraTrap_ME\58c7ef84-23d2-11e8-a6a3-ec086b02610b.jpg;1
\vacia\NOANIMAL_ZOO_5_6_7_9\50_20210408 (16421).JPG;0
\jabali\WILDBOAR_ZOO_1_4\11_20210114 (534).JPG;1
\vacia\vacia_alumno_AM_2\10_20201019 (17081).JPG;0
\cervidae\ciervo_PNC_2014_ISAAC\c12561IMAG0342.JPG;1
\gato_domestico\gato_WellingtonCameraTraps_SS\2504152226060235S133.JPG;1
\vacia\empty_IslandConservationCameraTraps\dominicanrepublic_cam1725abril2015_20150407_084353_img_0160.jpg;0
\ave\OTHERSPECIES_ZOO_1_4\15_20210117 (938).JPG;1
\cervidae\ciervo_simone_2\34_20201024 (3595).JPG;1
\cervidae\CERVIDREDORFALLOWDEER_ZOO_5_6_7_9\28_20210615 (1114).JPG;1
\cervidae\ciervo_PNM_2013-O_ISAAC\f797IM000698.JPG;1
\cervidae\CERVIDREDORFALLOWDEER_ZOO_5_6_7_9\15_20210219 (751) (2021_04_15 06_16_22 UTC).JPG;1
\vacia\NOANIMAL_ZOO_5_6_7_9\50_20210417 (24919).JPG;0
\meloncillo\Meloncillo_PEPE_IREC_JC\IMAG1399.JPG;1
\cervidae\2_ciervo_simone_2\37_20201024 (10758).JPG;1
\vacia\empty_SnapshotMountainZebra\MTZ_S1_D05_R1_IMAG1274.JPG;0
\jabali\jabali_alumno_1_AM_2\24_20201019 (7110).JPG;1
\vacia\NOANIMAL_ZOO_5_6_7_9\22_20210219 (421) (2021_04_15 06_16_22 UTC).JPG;0
\caballo\caballos_javier_JC\2_20201117 (4041).JPG;1
\leporido\rabbit_IslandConservationCameraTraps\chile_frances012013_1401201330927.jpg;1
\vacia\empty_SnapshotMountainZebra\MTZ_S1_C06_R1_IMAG3709.JPG;0
\vacia\empty_IslandConservationCameraTraps\dominicanrepublic_cam0725abril2015a_20130813_073359_sunp5111.jpg;0
\vacia\NOANIMAL_ZOO_1_4\1_20210115 (40).JPG;0
\ave\shearwater_IslandConservationCameraTraps\chile_vaqueria2013_0601201333041.jpg;1
\zorro\Zorro_PNC_2014_JC\c21624IM000181.JPG;1
\caballo\HORSE_ZOO_5_6_7_9\15_20210219 (1920) (2021_04_15 06_16_22 UTC).JPG;1
\vaca\COW_ZOO_1_4\21_20201025 (3546).JPG;1
\perro\Domestic dog_mammalWeb\30259.jpg;1
\cervidae\Ciervo_PNC_2014_JC\c29570IM000201.JPG;1
\meloncillo\Meloncillo_PNC_2014_JC\c7272IM000074.JPG;1
\vacia\NOANIMAL_ZOO_5_6_7_9\50_20210408 (23666).JPG;0
\cervidae\deer_CaltechCameraTrap\59817ae3-23d2-11e8-a6a3-ec086b02610b.jpg;1
\cervidae\ciervo_PNC_2014_ISAAC\c22101IM000015.JPG;1
\vacia\empty_SnapshotMountainZebra\MTZ_S1_D06_R1_IMAG2916.JPG;0
\cervidae\Ciervo_PNC_2013-O_ME\b5924IM000390.JPG;1
\zorro\REDFOX_ZOO_1_4\32_20210114 (331).JPG;1
\leporido\conejo_WellingtonCameraTraps_SS\030716131602038cs523.JPG;1
\lince\linces_fecha_Linces2_Leo_JC\3_Lince_flecha_Linces2_Leo_JC\Lince54 (30).jpg;1
\micromamiferos\rat_IslandConservationCameraTraps\micronesia_cam03april2019_20190412_055435_rcnx0631.jpg;1
\vacia\empty_caltechCameraTraps\59629447-23d2-11e8-a6a3-ec086b02610b.jpg;0
\vacia\NOANIMAL_ZOO_1_4\6_20201812 (14623).JPG;0
\vacia\empty_IslandConservationCameraTraps\dominicanrepublic_cam0425abril2015_20130809_043548_sunp1659.jpg;0
\vacia\NOANIMAL_ZOO_1_4\34_20210115 (1643).JPG;0
\jabali\WILDBOAR_ZOO_1_4\15_20210117 (6833).JPG;1
\vaca\COW_ZOO_5_6_7_9\9_20210615 (1850).JPG;1
\vacia\vacias_1_de_2_PNC_2012_ISAAC\a41395IM000673.JPG;0
\cervidae\corzo_alumno_2_AM_JC\STC_0297_frame020.jpg;1
\vacia\vacia_Soraya_Padilla_Alumno_1_TH\IMAG0106_frame220.jpg;0
\gato_domestico\cat_IslandConservationCameraTraps\palau_cam02a12132018_20181203_232555_rcnx1626.jpg;1
\humanovehiculo\car_CaltechCameraTrap_ME\vehiculo\59782f06-23d2-11e8-a6a3-ec086b02610b.jpg;1
\humanovehiculo\humanovehiculo_vacías_humanos_PNC_2012_ME\a33760IM000001.JPG;1
\leporido\rabbit_CaltechCameraTrap_ME\588716d7-23d2-11e8-a6a3-ec086b02610b.jpg;1
\vacia\empty_SnapshotMountainZebra\MTZ_S1_E06_R3_IMAG1221.JPG;0
\vacia\empty_SnapshotKaroo\KAR_S1_B01_R1_IMAG1581.JPG;0
\vacia\NOANIMAL_ZOO_1_4\19_20201117 (170).JPG;0
\leporido\rabbit_IslandConservationCameraTraps\chile_piedra012013_0403201333647.jpg;1
\jabali\WILDBOAR_ZOO_1_4\37_20201215 (100).JPG;1
\cervidae\Ciervo_PNC_2012_JC\a19252IM000388.JPG;1
\humanovehiculo\humanovehiculo_PNC_2014_manuel\c18814IMAG0148.JPG;1
\vacia\vacias_2_de_2_PNC_2012_ISAAC\a23501IM000146.JPG;0
\gato_domestico\gato_WellingtonCameraTraps_SS\231016155614031a1601.JPG;1
\vacia\empty_SnapshotMountainZebra\MTZ_S1_D05_R1_IMAG1719.JPG;0
\perro\dog_caltechCameraTraps\5a163ed3-23d2-11e8-a6a3-ec086b02610b.jpg;1
\ave\OTHERSPECIES_ZOO_5_6_7_9\21_20200113 (1644) (2021_04_15 06_16_22 UTC).JPG;1
\vacia\empty_SnapshotMountainZebra\MTZ_S1_D05_R1_IMAG0435.JPG;0
\vacia\Nothing_mammalWeb\70135.jpg;0
\vacia\vacia_Paco_Carro_JC\IMG_2042.JPG;0
\caballo\HORSE_ZOO_5_6_7_9\15_20210219 (8160) (2021_04_15 06_16_22 UTC).JPG;1
\vacia\NOANIMAL_ZOO_5_6_7_9\25_20210615 (10542).JPG;0
\vacia\vacia_Paco_Carro_JC\01140985.JPG;0
\humanovehiculo\car_CaltechCameraTrap_ME\vehiculo\58dac0f0-23d2-11e8-a6a3-ec086b02610b.jpg;1
\vacia\empty_IslandConservationCameraTraps\dominicanrepublic_cam0425abril2015_20130727_042537_sunp0180.jpg;0
\gato_domestico\gato_WellingtonCameraTraps_SS\26091509312602859191.JPG;1
\zorro\Zorro_Pepe_IREC\Zorro_Pepe_Irec_ME\IMAG0085_(10).JPG;1
\lince\linces_Linces2_Leo_JC\2_Lince_Linces2_Leo_JC\lince179 (16).JPG;1
\jabali\WILDBOAR_ZOO_1_4\29_20201023 (955).JPG;1
\zorro\zorro_PNC_2014_manuel\c13961IMAG0058.JPG;1
\vacia\empty_caltechCameraTraps\597e6348-23d2-11e8-a6a3-ec086b02610b.jpg;0
\zorro\zorro_PNC_2014_manuel\c5670IM000078.JPG;1
\gineta\gineta_PNM_2013-O_ISAAC\f8702IM000179.JPG;1
\vacia\NOANIMAL_ZOO_1_4\6_20201812 (8959).JPG;0
\vacia\empty_IslandConservationCameraTraps\ecuador1_ic1611_20150101_000005_img_3040.jpg;0
\vacia\vacias_1_de_2_PNC_2012_ISAAC\a41940IM000116.JPG;0
\vacia\vacias_ME_CASA\IMG_0542.JPG;0
\humanovehiculo\humanovehiculo_Caltech\5957c1b8-23d2-11e8-a6a3-ec086b02610b.jpg;1
\vacia\vacia_alumno_TH_3_TH_JC\26_20201020 (18784).JPG;0
\humanovehiculo\HUMANORVEHICLE_ZOO_5_6_7_9\1_20210319 (6).JPG;1
\cervidae\ciervo_PNC_2013-I_RED_ME\8426IMAG0052.JPG;1
\ave\ave_ave_WellingtonCameraTraps_SS\190916164822005a5751.JPG;1
\vacia\NOANIMAL_ZOO_1_4\34_20210115 (6978).JPG;0
\vacia\empty_caltechCameraTraps\59ef8c8a-23d2-11e8-a6a3-ec086b02610b.jpg;0
\cervidae\CERVIDREDORFALLOWDEER_ZOO_5_6_7_9\35_20210218 (1195) (2021_04_15 06_16_22 UTC).JPG;1
\vacia\NOANIMAL_ZOO_1_4\10_20201117 (6627).JPG;0
\garduna\garduna_PNM_2013-O_ME\f5607IMAG0015.JPG;1
\jabali\WILDBOAR_ZOO_1_4\11_20201217 (260).JPG;1
\cervidae\3_ciervo_Javi_3_JC\21_20201025 (2682).JPG;1
\cervidae\ciervo_PNC_2013-I_RED_ME\9852IM000038.JPG;1
\vacia\NOANIMAL_ZOO_1_4\40_20201215 (2836).JPG;0
\vaca\COW_ZOO_5_6_7_9\21_20200113 (1753) (2021_04_15 06_16_22 UTC).JPG;1
\ave\ave_ave_WellingtonCameraTraps_SS\060516130404023as224.JPG;1
\cervidae\CERVIDREDORFALLOWDEER_ZOO_1_4\10_20201218 (3588).JPG;1
\cervidae\ciervo_simone_2\34_20201024 (7001).JPG;1
\jabali\WILDBOAR_ZOO_1_4\11_20210114 (387).JPG;1
\vacia\empty_IslandConservationCameraTraps\dominicanrepublic_cam0727abril2016_20160424_073123_sunp0009.jpg;0
\cervidae\ciervo_PNC_2013-I_RED_ME\8031IM000066.JPG;1
\vacia\empty_SnapshotMountainZebra\MTZ_S1_D06_R1_IMAG2449.JPG;0
\vacia\vacias_1_de_2_PNC_2012_ISAAC\a39368IMAG1120.JPG;0
\vacia\vacias_PNM_2012_ME\d14980FILE0014.JPG;0
\humanovehiculo\humanovehiculo_Caltech\5a2af6d8-23d2-11e8-a6a3-ec086b02610b.jpg;1
\vacia\NOANIMAL_ZOO_5_6_7_9\49_20210418 (894).JPG;0
\cervidae\deer_CaltechCameraTrap\59a7bc34-23d2-11e8-a6a3-ec086b02610b.jpg;1
\vacia\NOANIMAL_ZOO_5_6_7_9\50_20210408 (7462).JPG;0
\vacia\empty_SnapshotMountainZebra\MTZ_S1_E05_R1_IMAG0596.JPG;0
\cervidae\ciervo_simone_2\34_20201024 (6042).JPG;1
\vacia\empty_SnapshotCamdeboo\CDB_S1_F03_R2_IMAG0295.JPG;0
\vacia\empty_IslandConservationCameraTraps\dominicanrepublic_cam0527septiembre2015_20130805_085018_sunp0397.jpg;0
\cervidae\CERVIDREDORFALLOWDEER_ZOO_1_4\6_20201023 (3217).JPG;1
\humanovehiculo\car_CaltechCameraTrap_ME\vehiculo\5897b2b8-23d2-11e8-a6a3-ec086b02610b.jpg;1
\cervidae\CERVIDREDORFALLOWDEER_ZOO_5_6_7_9\33_20210418 (99).JPG;1
\lince\Lince_b_Linces2_Leo_JC\lince228 (21).jpg;1
\vacia\NOANIMAL_ZOO_1_4\6_20201116 (4346).JPG;0
\vacia\NOANIMAL_ZOO_1_4\6_20201812 (9628).JPG;0
\humanovehiculo\car_CaltechCameraTrap_ME\vehiculo\59a30b1f-23d2-11e8-a6a3-ec086b02610b.jpg;1
\vacia\NOANIMAL_ZOO_1_4\6_20201812 (13942).JPG;0
\cervidae\2_ciervo_Javi_3_JC\21_20201025 (407).JPG;1
\cervidae\CERVIDREDORFALLOWDEER_ZOO_5_6_7_9\28_20210615 (2132).JPG;1
\vacia\empty_IslandConservationCameraTraps\ecuador1_ic1619_20181129_090528_img_0519.jpg;0
\lince\Lince_a_Linces2_Leo_JC\lince70 (170).JPG;1
\leporido\rabbit_IslandConservationCameraTraps\chile_frances022013_09062013123523.jpg;1
\vacia\NOANIMAL_ZOO_1_4\34_20210115 (1740).JPG;0
\cervidae\cervidae_ME_rev_3_donana\21_20201025 (5977).JPG;1
\vaca\COW_ZOO_5_6_7_9\21_20210418 (496).JPG;1
\humanovehiculo\HUMANORVEHICLE_ZOO_1_4\38_20201019 (363).JPG;1
\vacia\NOANIMAL_ZOO_1_4\37_20201116 (14244).JPG;0
\lince\linces_Linces2_Leo_JC\2_Lince_Linces2_Leo_JC\lince112 (77).JPG;1
\humanovehiculo\humanovehiculo_PNM_2013-I_ME\e3135IM000009.JPG;1
\cervidae\CERVIDREDORFALLOWDEER_ZOO_1_4\21_20201025 (1732).JPG;1
\vacia\vacia_Paco_Carro_JC\MDGC0533.JPG;0
\vacia\NOANIMAL_ZOO_1_4\6_20201116 (6592).JPG;0
\vacia\NOANIMAL_ZOO_1_4\37_20201215 (3478).JPG;0
\caballo\caballos_simone\4_20201220 (2484).JPG;1
\vacia\NOANIMAL_ZOO_5_6_7_9\25_20210417 (20460).JPG;0
\vacia\vacia_alumno_TH_3_TH_JC\10_20201019 (1449).JPG;0
\vacia\vacias_2_de_2_PNC_2012_ISAAC\a49254IM000752.JPG;0
\ave\ave_PNC_2013-O_RED_ISAAC\b4460IMAG0335.JPG;1
\vacia\NOANIMAL_ZOO_1_4\18_20201024 (29).JPG;0
\vacia\Vacio__diego_2_rev_donana\17_20201026 (153).JPG;0
\cervidae\CERVIDREDORFALLOWDEER_ZOO_1_4\4_20210117 (2483).JPG;1
\zorro\zorro_PNC_2014_manuel\c16826IM000098.JPG;1
\vacia\vacias_1_de_2_PNC_2012_ISAAC\a37368IM000489.JPG;0
\zorro\ZORRO_PNM_2013-I_ISAAC\e2437IM000299.JPG;1
\perro\perro_WellingtonCameraTraps_SS\031116185420031cs121.JPG;1
\vaca\COW_ZOO_5_6_7_9\9_20210615 (463).JPG;1
\vacia\NOANIMAL_ZOO_1_4\26_20201117 (1996).JPG;0
\cervidae\2_ciervo_simone_2\34_20201024 (3363).JPG;1
\vacia\Vacio__diego_2_rev_donana\41_20201025 (69).JPG;0
\vaca\COW_ZOO_1_4\21_20201217 (4786).JPG;1
\zorro\zorro_vacías_humanos_PNC_2012_ME\a47471IM000098.JPG;1
\cervidae\deer_CaltechCameraTrap\5a24a7f4-23d2-11e8-a6a3-ec086b02610b.jpg;1
\cervidae\3_ciervo_simone_2\37_20201024 (9611).JPG;1
\vacia\empty_IslandConservationCameraTraps\dominicanrepublic_cam2015abril2015_20150412_134308_img_5065.jpg;0
\cervidae\CERVIDREDORFALLOWDEER_ZOO_5_6_7_9\15_20210219 (4317) (2021_04_15 06_16_22 UTC).JPG;1
\humanovehiculo\car_CaltechCameraTrap_ME\vehiculo\59b2ea2f-23d2-11e8-a6a3-ec086b02610b.jpg;1
\vacia\vacias_2_de_2_PNC_2012_ISAAC\a5649IM000460.JPG;0
\humanovehiculo\humanovehiculo_Caltech\59f5fec9-23d2-11e8-a6a3-ec086b02610b.jpg;1
\vacia\empty_SnapshotMountainZebra\MTZ_S1_G04_R3_IMAG1630.JPG;0
\ave\ave_ave_WellingtonCameraTraps_SS\090116124128049c1023.JPG;1
\leporido\2_conejo_alumno_2_AM_JC\Orycun (23)_frame120.jpg;1
\leporido\rabbit_IslandConservationCameraTraps\chile_frances012013_2112201283753.jpg;1
\humanovehiculo\car_CaltechCameraTrap_ME\vehiculo\59104aae-23d2-11e8-a6a3-ec086b02610b.jpg;1
\cervidae\deer_CaltechCameraTrap\59f5fd4a-23d2-11e8-a6a3-ec086b02610b.jpg;1
\cervidae\Ciervo_PNM_2013-0_ME\f20372IM000116.JPG;1
\jabali\jabali_vacías_humanos_PNC_2012_ME\a14214IM000133.JPG;1
\gato_domestico\cat_IslandConservationCameraTraps\puertorico_25_20150527_163825_img_1521.jpg;1
\leporido\rabbit_IslandConservationCameraTraps\chile_frances022013_23042013111849.jpg;1
\leporido\conejo_alumno_1_TH\Conejo_alumno_2_AM_JC\Orycun (4)_frame090.jpg;1
\vacia\NOANIMAL_ZOO_5_6_7_9\39_20210615 (3827).JPG;0
\meloncillo\EGYPTIANMONGOOSE_ZOO_1_4\36_20210115 (1167).JPG;1
\vacia\empty_SnapshotMountainZebra\MTZ_S1_G04_R3_IMAG3063.JPG;0
\cervidae\CERVIDREDORFALLOWDEER_ZOO_5_6_7_9\17_20210218 (891) (2021_04_15 06_16_22 UTC).JPG;1
\vacia\NOANIMAL_ZOO_1_4\6_20201812 (14639).JPG;0
\humanovehiculo\HUMANORVEHICLE_ZOO_1_4\28_20201218 (16255).JPG;1
\mapache\raccoon_CaltechCameraTrap_ME\590ebb7c-23d2-11e8-a6a3-ec086b02610b.jpg;1
\cervidae\CERVIDREDORFALLOWDEER_ZOO_1_4\21_20201025 (5124).JPG;1
\leporido\rabbit_IslandConservationCameraTraps\chile_frances022013_25042013150852.jpg;1
\vacia\empty_SnapshotMountainZebra\MTZ_S1_D06_R1_IMAG1697.JPG;0
\vacia\NOANIMAL_ZOO_5_6_7_9\11_20210418 (3490).JPG;0
\vacia\NOANIMAL_ZOO_1_4\17_20210114 (1647).JPG;0
\vacia\empty_SnapshotMountainZebra\MTZ_S1_D06_R1_IMAG0550.JPG;0
\jabali\WILDBOAR_ZOO_5_6_7_9\33_20210418 (299).JPG;1
\cervidae\CERVIDREDORFALLOWDEER_ZOO_1_4\2_20201117 (4829).JPG;1
\cervidae\Ciervo_Paco_Carro_camarasliron_4_2_PASADAS_POR_LA_RED_JC\MDGC0311.JPG;1
\cervidae\deer_CaltechCameraTrap\58768058-23d2-11e8-a6a3-ec086b02610b.jpg;1
\vacia\vacias_PNC_2014_ISAAC\c17379IM000298.JPG;0
\meloncillo\EGYPTIANMONGOOSE_ZOO_1_4\36_20210115 (1167).JPG;1
\humanovehiculo\humanovehiculo_PNC_2014_manuel\c28418IM000002.JPG;1
\vacia\NOANIMAL_ZOO_1_4\26_20201020 (14731).JPG;0
\vacia\Nothing_mammalWeb\64231.jpg;0
\cervidae\cervidae_ME_rev_3_donana\30_20201021 (12166).JPG;1
\zorro\Zorro_PNC_2014_JC\c23442IM000068.JPG;1
\cervidae\cervidae_ME_rev_3_donana\26_20201020 (4622).JPG;1
\jabali\WILDBOAR_ZOO_1_4\37_20201116 (11734).JPG;1
\cervidae\Ciervo_PNC_2012_JC\a23936IM000036.JPG;1
\vacia\vacia_alumno_AM_2\26_20201020 (2367).JPG;0
\cervidae\Ciervo_PNC_2014_JC\c19261IMAG0025.JPG;1
\cervidae\ciervo_vacías_humanos_PNC_2012_ME\a10838IM000295.JPG;1
\lince\linces_fecha_Linces2_Leo_JC\2_Lince_flecha_Linces2_Leo_JC\lince176 (130).JPG;1
\zorro\Zorro_PNC_2014_JC\c3048IM000157.JPG;1
\cervidae\CERVIDREDORFALLOWDEER_ZOO_5_6_7_9\2_20210319 (852).JPG;1
\zorro\REDFOX_ZOO_5_6_7_9\42_20210318 (14).JPG;1
\leporido\conejo_leo_donana\0007646.JPG;1
\micromamiferos\micromamiferos_fotosManuelEmilio20200912\IMG_0117.JPG;1
\cervidae\2_ciervo_Javi_3_JC\21_20201025 (1936).JPG;1
\vacia\vacias_PNM_2013-O_ISAAC\f2264IMAG0034.JPG;0
\vacia\NOANIMAL_ZOO_1_4\15_20210117 (11194).JPG;0
\vacia\empty_IslandConservationCameraTraps\dominicanrepublic_cam0425abril2015_20130727_015539_sunp0048.jpg;0
\humanovehiculo\car_CaltechCameraTrap_ME\vehiculo\59c4bfd9-23d2-11e8-a6a3-ec086b02610b.jpg;1
\cervidae\CERVIDREDORFALLOWDEER_ZOO_5_6_7_9\18_20210219 (2305) (2021_04_15 06_16_22 UTC).JPG;1
\leporido\rabbit_CaltechCameraTrap_ME\5892b44a-23d2-11e8-a6a3-ec086b02610b.jpg;1
\cervidae\CERVIDREDORFALLOWDEER_ZOO_1_4\18_20200130 (2801).JPG;1
\perro\perro_Paco_Carro_camarasliron_4_2_PASADAS_POR_LA_RED_JC\PICT0063.JPG;1
\vacia\NOANIMAL_ZOO_5_6_7_9\24_20210615 (15483).JPG;0
\caballo\caballos_alumno_AM\caballos_alumno_AM\2_20201215 (3360).JPG;1
\ave\OTHERSPECIES_ZOO_1_4\15_20210117 (7233).JPG;1
\vacia\empty_SnapshotMountainZebra\MTZ_S1_C06_R1_IMAG3617.JPG;0
\vacia\NOANIMAL_ZOO_5_6_7_9\20_20210618 (12145).JPG;0
\zorro\zorro_PNM_2013-I_ME\e3192IM000040.JPG;1
\ave\Chicken_ena24\5894.jpg;1
\zorro\Zorro_Pepe_IREC\Zorro_Pepe_Irec_ME\IMAG1458_(2).JPG;1
\humanovehiculo\humano_vehiculo_PNM_2013-O_ISAAC\f12594IM000008.JPG;1
\jabali\WILDBOAR_ZOO_1_4\7_20201118 (2157).JPG;1
\cervidae\ciervo_PNC_2014_ISAAC\c26603IM000074.JPG;1
\cervidae\CERVIDREDORFALLOWDEER_ZOO_1_4\15_20210117 (15877).JPG;1
\cervidae\Ciervo_PNC_2014_JC\c16069IM000060.JPG;1
\vacia\NOANIMAL_ZOO_1_4\6_20201812 (14870).JPG;0
\vacia\NOANIMAL_ZOO_1_4\34_20210115 (2180).JPG;0
\cervidae\ciervo_vacías_humanos_PNC_2012_ME\a14946IM000875.JPG;1
\vacia\empty_SnapshotMountainZebra\MTZ_S1_D05_R1_IMAG0402.JPG;0
\vacia\empty_IslandConservationCameraTraps\micronesia_cam02april2019_20190411_172522_rcnx0003.jpg;0
\vacia\NOANIMAL_ZOO_5_6_7_9\38_20210618 (478).JPG;0
\vacia\NOANIMAL_ZOO_5_6_7_9\50_20210417 (23018).JPG;0
\micromamiferos\rodent_CaltechCameraTrap_JC\Roedor_ rodent_CaltechCameraTrap_JC\5a2963de-23d2-11e8-a6a3-ec086b02610b.jpg;1
\zorro\REDFOX_ZOO_5_6_7_9\42_20210618 (35).JPG;1
\ave\OTHERSPECIES_ZOO_5_6_7_9\50_20210417 (484).JPG;1
\leporido\rabbit_CaltechCameraTrap_ME\59b614c5-23d2-11e8-a6a3-ec086b02610b.jpg;1
\vacia\NOANIMAL_ZOO_1_4\22_20201022 (934).JPG;0
\micromamiferos\rat_IslandConservationCameraTraps\micronesia_cam09_cam09june2019_20190614170149_rcnx0004.jpg;1
\cervidae\2_Ciervos_PNC2012_JC\a225IM000018.JPG;1
\lince\Lince_a_Linces2_Leo_JC\Lince60 (315).JPG;1
\vacia\NOANIMAL_ZOO_1_4\6_20201812 (9187).JPG;0
\gato_domestico\cat_IslandConservationCameraTraps\palau_cam13a12132018_20181118_182233_rcnx1467.jpg;1
\micromamiferos\micromamifero_WellingtonCameraTraps_SS\160716025718038cs522.JPG;1
\lince\Lince_b_Linces2_Leo_JC\lince133 (66).JPG;1
\gato_domestico\gato_WellingtonCameraTraps_SS\190816210358003cs073.JPG;1
\cervidae\CERVIDREDORFALLOWDEER_ZOO_1_4\21_20201025 (1617).JPG;1
\cervidae\CERVIDREDORFALLOWDEER_ZOO_1_4\4_20201220 (386).JPG;1
\vacia\empty_IslandConservationCameraTraps\palau_cam09a12132018_20181113_152252_rcnx1010.jpg;0
\ave\bird_CaltechCameraTrap\58cca5e8-23d2-11e8-a6a3-ec086b02610b.jpg;1
\jabali\WILDBOAR_ZOO_5_6_7_9\20_20210219 (3136) (2021_04_15 06_16_22 UTC).JPG;1
\cervidae\deer_CaltechCameraTrap\5934197a-23d2-11e8-a6a3-ec086b02610b.jpg;1
\ave\brown_noddy_IslandConservationCameraTraps\palau_cam04a12132018_20180916_092650_rcnx1184.jpg;1
\cervidae\CERVIDREDORFALLOWDEER_ZOO_5_6_7_9\38_20210618 (214).JPG;1
\humanovehiculo\humanovehiculo_PNC_2013-O_RED_ISAAC\b8525FILE0357.JPG;1
\vacia\NOANIMAL_ZOO_1_4\26_20201020 (14942).JPG;0
\cervidae\CERVIDREDORFALLOWDEER_ZOO_1_4\33_20210115 (114).JPG;1
\cervidae\CERVIDREDORFALLOWDEER_ZOO_1_4\18_20201024 (533).JPG;1
\vacia\Nothing_mammalWeb\12184.jpg;0
\humanovehiculo\car_CaltechCameraTrap_ME\vehiculo\58a1ca02-23d2-11e8-a6a3-ec086b02610b.jpg;1
\leporido\rabbit_IslandConservationCameraTraps\chile_frances022013_04052013131102.jpg;1
\vacia\vacia_Paco_Carro_JC\01130185.JPG;0
\vacia\NOANIMAL_ZOO_5_6_7_9\11_20210418 (2885).JPG;0
\zorro\Zorro_Pepe_IREC\Zorro_Pepe_Irec_ME\IMAG0664_(3).JPG;1
\cervidae\ciervo_PNC_2014_ISAAC\c18961IMAG0147.JPG;1
\ave\bird_CaltechCameraTrap\586291a3-23d2-11e8-a6a3-ec086b02610b.jpg;1
\ave\ave_PNC_2013-O_RED_ISAAC\b4783IMAG0660.JPG;1
\vacia\NOANIMAL_ZOO_1_4\15_20210117 (5006).JPG;0
\cervidae\CERVIDREDORFALLOWDEER_ZOO_5_6_7_9\15_20210219 (4267) (2021_04_15 06_16_22 UTC).JPG;1
\humanovehiculo\HUMANORVEHICLE_ZOO_5_6_7_9\36_20210319 (1).JPG;1
\jabali\WILDBOAR_ZOO_5_6_7_9\15_20210219 (10355) (2021_04_15 06_16_22 UTC).JPG;1
\cervidae\corzo_alumno_2_AM_JC\STC_0354_frame020.jpg;1
\vacia\empty_SnapshotMountainZebra\MTZ_S1_G04_R3_IMAG2880.JPG;0
\lince\Lince_b_Linces2_Leo_JC\lince230 (142).JPG;1
\gineta\gineta_PNC_2013-I_ISAAC\1166IMAG0195.JPG;1
\vacia\NOANIMAL_ZOO_5_6_7_9\50_20210408 (25940).JPG;0
\meloncillo\meloncillo_PNM_2013-O_ME\f10925IM000044.JPG;1
\cervidae\ciervo_Javi_3_JC\26_20201020 (4132).JPG;1
\vacia\Nothing_mammalWeb\49342.jpg;0
\zorro\Zorro_PNC_2014_JC\c16987IM000268.JPG;1
\vaca\COW_ZOO_5_6_7_9\17_20210418 (274).JPG;1
\lince\linces_fecha_Linces2_Leo_JC\2_Lince_flecha_Linces2_Leo_JC\Lince69 (15).JPG;1
\jabali\WILDBOAR_ZOO_5_6_7_9\28_20210417 (7553).JPG;1
\vacia\empty_IslandConservationCameraTraps\dominicanrepublic_cam1826junio2015_20150505_085551_img_1693.jpg;0
\cervidae\deer_CaltechCameraTrap\5987b271-23d2-11e8-a6a3-ec086b02610b.jpg;1
\vacia\empty_caltechCameraTraps\59e43ff0-23d2-11e8-a6a3-ec086b02610b.jpg;0
\vacia\NOANIMAL_ZOO_1_4\4_20210117 (2889).JPG;0
\cervidae\deer_CaltechCameraTrap\592de512-23d2-11e8-a6a3-ec086b02610b.jpg;1
\vacia\empty_caltechCameraTraps\5a0c9bb6-23d2-11e8-a6a3-ec086b02610b.jpg;0
\lince\Lince_a_Linces2_Leo_JC\lince122 (132).JPG;1
\cervidae\ciervo_Paco_Carro_JC\PICT0025.JPG;1
\cervidae\CERVIDREDORFALLOWDEER_ZOO_1_4\21_20201025 (1775).JPG;1
\vacia\NOANIMAL_ZOO_1_4\34_20210115 (5717).JPG;0
\cervidae\2_ciervo_simone_2\34_20201024 (4635).JPG;1
\ave\American Crow_ena24\7911.jpg;1
\vacia\empty_SnapshotMountainZebra\MTZ_S1_G04_R3_IMAG1226.JPG;0
\jabali\WILDBOAR_ZOO_1_4\7_20201118 (719).JPG;1
\vacia\NOANIMAL_ZOO_1_4\26_20201117 (2769).JPG;0
\vacia\SnampshotEnonkishu\ENO_S1_D05_R1_IMAG0658.JPG;0
\gineta\gineta_Saul Martin_FRAMES_SIN_REPETIDOS_REVISADOS_DIEGO\IMAG0029_frame260.jpg;1
\vacia\vacia_alumno_AM_2\24_20201019 (1168).JPG;0
\jabali\WILDBOAR_ZOO_1_4\37_20201116 (10813).JPG;1
\jabali\WILDBOAR_ZOO_1_4\29_20201023 (110).JPG;1
\lince\Lince_a_Linces2_Leo_JC\lince102 (181).JPG;1
\vacia\NOANIMAL_ZOO_1_4\34_20210115 (3198).JPG;0
\zorro\zorro_vacías_humanos_PNC_2012_ME\a33348IMAG0021.JPG;1
\cervidae\CERVIDREDORFALLOWDEER_ZOO_1_4\9_20201025 (778).JPG;1
\ave\shearwater_IslandConservationCameraTraps\chile_piedra012013_31122012231943.jpg;1
\cervidae\ciervo_Javi_3_JC\21_20201025 (2078).JPG;1
\vacia\vacias_PNC_2014_ISAAC\c7286IM000088.JPG;0
\cervidae\deer_CaltechCameraTrap\5a0493a1-23d2-11e8-a6a3-ec086b02610b.jpg;1
\cervidae\CIERVO_PNM_2012_ISAAC\d16198IM000033.JPG;1
\vacia\vacia_alumno_AM_2\30_20201021 (1233).JPG;0
\zorro\fox_CaltechCameraTrap_ME\58a6e8df-23d2-11e8-a6a3-ec086b02610b.jpg;1
\cervidae\CERVIDREDORFALLOWDEER_ZOO_1_4\28_20201019 (2410).JPG;1
\cervidae\ciervo_simone_2\34_20201024 (5894).JPG;1
\ave\OTHERSPECIES_ZOO_1_4\15_20210117 (17027).JPG;1
\jabali\Jabalí_PNC_2013-O_ME\b10894IMAG0456.JPG;1
\cervidae\ciervo_vacías_humanos_PNC_2012_ME\a18534IM000128.JPG;1
\vacia\NOANIMAL_ZOO_1_4\6_20201812 (15467).JPG;0
\vacia\NOANIMAL_ZOO_5_6_7_9\49_20210418 (16805).JPG;0
\leporido\Rabbit_mammalWeb\10419.jpg;1
\ave\bird_CaltechCameraTrap\59531b9d-23d2-11e8-a6a3-ec086b02610b.jpg;1
\zorro\Zorro_Pepe_IREC\Zorro_Pepe_Irec_ME\IMAG0140_(4).JPG;1
\vacia\NOANIMAL_ZOO_1_4\6_20201116 (5170).JPG;0
\leporido\rabbit_IslandConservationCameraTraps\chile_frances012013_27122012142916.jpg;1
\gato_domestico\cat_CaltechCameraTrap\5910498b-23d2-11e8-a6a3-ec086b02610b.jpg;1
\caballo\HORSE_ZOO_1_4\2_20201215 (1824).JPG;1
\cervidae\ciervo_PNC_2013-O_RED_ISAAC\b7085FILE0231.JPG;1
\cervidae\CERVIDREDORFALLOWDEER_ZOO_5_6_7_9\38_20210219 (456) (2021_04_15 06_16_22 UTC).JPG;1
\vacia\NOANIMAL_ZOO_5_6_7_9\44_20210418 (130).JPG;0
\vacia\NOANIMAL_ZOO_5_6_7_9\5_20210417 (4984).JPG;0
\leporido\rabbit_CaltechCameraTrap_ME\58a6e889-23d2-11e8-a6a3-ec086b02610b.jpg;1
\cervidae\deer_CaltechCameraTrap\587eec6e-23d2-11e8-a6a3-ec086b02610b.jpg;1
\humanovehiculo\humanovehiculo_PNC_2013-O_RED_ISAAC\b5539IM000008.JPG;1
\zorro\zorro_PNC_2012_JC\a44360IM000040.JPG;1
\zorro\zorro_PNM_2013-O_ISAAC\f4424IM000082.JPG;1
\cervidae\CERVIDREDORFALLOWDEER_ZOO_5_6_7_9\5_20210219 (556) (2021_04_15 06_16_22 UTC).JPG;1
\vacia\empty_caltechCameraTraps\5a197ba6-23d2-11e8-a6a3-ec086b02610b.jpg;0
\vacia\empty_SnapshotMountainZebra\MTZ_S1_F04_R3_IMAG3720.JPG;0
\vacia\vacia_Soraya_Padilla_Alumno_1_TH\DSCF0062_frame010.jpg;0
\lince\Lince_b_Linces2_Leo_JC\lince147 (2).JPG;1
\cervidae\deer_CaltechCameraTrap\59830837-23d2-11e8-a6a3-ec086b02610b.jpg;1
\jabali\WILDBOAR_ZOO_1_4\37_20201116 (9613).JPG;1
\leporido\rabbit_CaltechCameraTrap_ME\5a24aa68-23d2-11e8-a6a3-ec086b02610b.jpg;1
\gato_domestico\gato_WellingtonCameraTraps_SS\190616115124046b6371.JPG;1
\caballo\HORSE_ZOO_1_4\38_20201117 (2003).JPG;1
\zorro\zorro_PNM_2012_ISAAC\d13590IM000017.JPG;1
\jabali\Jabali_PNC_2014_JC\c5573IM000156.JPG;1
\vacia\vacia_Paco_Carro_JC\01130348 (2).JPG;0
\cervidae\CERVIDREDORFALLOWDEER_ZOO_5_6_7_9\8_20210219 (432) (2021_04_15 06_16_22 UTC).JPG;1
\vacia\vacio_Saul Martin_FRAMES_SIN_REPETIDOS_REVISADOS_DIEGO\IMAG0019_frame360.jpg;0
\vacia\empty_caltechCameraTraps\59da8c01-23d2-11e8-a6a3-ec086b02610b.jpg;0
\vacia\vacias_PNM_2013-O_ISAAC\f20902IM000405.JPG;0
\humanovehiculo\car_CaltechCameraTrap_ME\vehiculo\58d47bf4-23d2-11e8-a6a3-ec086b02610b.jpg;1
\vacia\empty_SnapshotKaroo\KAR_S1_B03_R1_IMAG0487.JPG;0
\vacia\NOANIMAL_ZOO_5_6_7_9\50_20210417 (24547).JPG;0
\vaca\COW_ZOO_5_6_7_9\46_20210618 (908).JPG;1
\zorro\Zorro_PNC_2013-O_ME\b1105IM000142.JPG;1
\vacia\empty_IslandConservationCameraTraps\ecuador1_ic1611_20150101_000002_img_0292.jpg;0
\zorro\zorro_PNM_2013-O_ISAAC\f2833IMAG0620.JPG;1
\vaca\COW_ZOO_1_4\2_20201215 (4280).JPG;1
\ave\Zorzal_PNC_2013-O_ME\b4353IMAG0222.JPG;1
\micromamiferos\rat_IslandConservationCameraTraps\micronesia_cam18april2019_20190412_054535_rcnx0032.jpg;1
\lince\Lince_a_Linces2_Leo_JC\lince122 (20).JPG;1
\humanovehiculo\humanovehiculo_vacías_humanos_PNC_2012_ME\a7450IM000006.JPG;1
\leporido\rabbit_IslandConservationCameraTraps\chile_frances022013_26052013115644.jpg;1
\jabali\jabali_javi_JC\37_20201024 (12308).JPG;1
\meloncillo\Meloncillo_PNC_2014_JC\c5394IM000071.JPG;1
\gato_domestico\cat_IslandConservationCameraTraps\palau_cam05a083118_20180824_135855_rcnx0082.jpg;1
\vacia\empty_SnapshotMountainZebra\MTZ_S1_C06_R1_IMAG2572.JPG;0
\zorro\zorro_PNM_2012_ISAAC\d4218IM000495.JPG;1
\cervidae\CERVIDREDORFALLOWDEER_ZOO_5_6_7_9\8_20210219 (111) (2021_04_15 06_16_22 UTC).JPG;1
\jabali\jabali_vacías_humanos_PNC_2012_ME\a30060IM000231.JPG;1
\humanovehiculo\car_CaltechCameraTrap_ME\vehiculo\59b2ea2f-23d2-11e8-a6a3-ec086b02610b.jpg;1
\micromamiferos\micromamiferos_Paco_Carro_JC\IMG_0933.JPG;1
\cervidae\gamo_Leo_Otra_fauna_PASADA_POR_LA_RED_JC\Otrafauna (552).JPG;1
\vacia\NOANIMAL_ZOO_5_6_7_9\28_20210417 (134).JPG;0
\cervidae\CERVIDREDORFALLOWDEER_ZOO_1_4\34_20201116 (1772).JPG;1
\cervidae\CERVIDREDORFALLOWDEER_ZOO_1_4\21_20201025 (452).JPG;1
\caballo\HORSE_ZOO_1_4\28_20201117 (665).JPG;1
\zorro\zorro_PNC_2014_manuel\c3097IM000041.JPG;1
\vacia\NOANIMAL_ZOO_1_4\34_20210115 (6793).JPG;0
\zorro\Zorro_Pepe_IREC\Zorro_Pepe_Irec_ME\IMAG0249_(15).JPG;1
\jabali\WILDBOAR_ZOO_1_4\15_20210117 (305).JPG;1
\cervidae\CERVIDREDORFALLOWDEER_ZOO_1_4\21_20201025 (1515).JPG;1
\vacia\vacias_PNC_2014_ISAAC\c4462IM000004.JPG;0
\vacia\NOANIMAL_ZOO_1_4\6_20201812 (10890).JPG;0
\vacia\vacias_2_de_2_PNC_2012_ISAAC\a1306IM000276.JPG;0
\jabali\WILDBOAR_ZOO_1_4\31_20201117 (559).JPG;1
\vacia\vacias_PNM_2013-O_ISAAC\f16899IMAG0880.JPG;0
\cervidae\CERVIDREDORFALLOWDEER_ZOO_1_4\21_20201025 (1704).JPG;1
\cervidae\corzo_alumno_2_AM_JC\STC_0439_frame090.jpg;1
\vacia\empty_IslandConservationCameraTraps\ecuador2_ic1607_20150122_062815_img_0608.jpg;0
\cervidae\ciervo_PNC_2013-I_ME\9990IM000173.JPG;1
\jabali\WILDBOAR_ZOO_1_4\4_20210117 (2562).JPG;1
\zorro\zorro_PNM_2012_ME\d14497IMAG0051.JPG;1
\vacia\NOANIMAL_ZOO_1_4\26_20201020 (11723).JPG;0
\vacia\vacia_revGinetasJC_REV1_4_donana\42_20201118 (86).JPG;0
\leporido\rabbit_CaltechCameraTrap_ME\58df6935-23d2-11e8-a6a3-ec086b02610b.jpg;1
\cervidae\ciervo_vacías_humanos_PNC_2012_ME\a6654IM000031.JPG;1
\ave\pigeon_IslandConservationCameraTraps\chile_filipianalamatris2013_25102013141353.jpg;1
\leporido\conejo_Paco_Carro_JC\PICT0821 (2).JPG;1
\cervidae\CERVIDREDORFALLOWDEER_ZOO_1_4\10_20201019 (757).JPG;1
\vacia\NOANIMAL_ZOO_1_4\6_20201812 (10968).JPG;0
\leporido\2_conejo_Paco_Carro_JC\PICT1869.JPG;1
\vacia\vacia_Paco_Carro_JC\01140031.JPG;0
\vacia\empty_SnapshotMountainZebra\MTZ_S1_D06_R1_IMAG1624.JPG;0
\vacia\vacias_PNM_2013-I_ISAAC\e4073IM000009.JPG;0
\ave\ave_ave_WellingtonCameraTraps_SS\060416115602025c7202.JPG;1
\leporido\Conejo_PNC_2012_JC\a39973IM000235.JPG;1
\cervidae\ciervo_PNM_2012_ME\d11872IM000050.JPG;1
\jabali\WILDBOAR_ZOO_1_4\20_20210115 (943).JPG;1
\vaca\COW_ZOO_1_4\21_20201025 (3525).JPG;1
\vacia\empty_IslandConservationCameraTraps\dominicanrepublic_cam1125abril2015_20150401_131200_img_0069.jpg;0
\caballo\HORSE_ZOO_1_4\2_20201117 (487).JPG;1
\humanovehiculo\humanovehiculo_PNM_2013-I_ME\e3963IM000005.JPG;1
\vacia\NOANIMAL_ZOO_5_6_7_9\8_20210417 (97).JPG;0
\vacia\empty_IslandConservationCameraTraps\dominicanrepublic_cam0520octubre2015_20130826_094025_sunp0044.jpg;0
\cervidae\CERVIDREDORFALLOWDEER_ZOO_5_6_7_9\15_20210219 (6563) (2021_04_15 06_16_22 UTC).JPG;1
\humanovehiculo\HUMANORVEHICLE_ZOO_1_4\4_20201220 (9232).JPG;1
\ave\raven_IslandConservationCameraTraps\dominicanrepublic_cam2416marzo2016_20160226_080448_img_0033.jpg;1
\vacia\NOANIMAL_ZOO_5_6_7_9\24_20210418 (9472).JPG;0
\vacia\empty_SnapshotMountainZebra\MTZ_S1_C06_R1_IMAG3468.JPG;0
\cervidae\ciervo_PNC_2014_ISAAC\c19091IMAG0113.JPG;1
\vaca\COW_ZOO_1_4\21_20201217 (3484).JPG;1
\lince\Lince_a_Linces2_Leo_JC\lince75 (90).JPG;1
\vacia\NOANIMAL_ZOO_5_6_7_9\25_20210417 (11852).JPG;0
\vaca\COW_ZOO_1_4\6_20201116 (1063).JPG;1
\ave\short-eared_owl_IslandConservationCameraTraps\chile_piedra012013_1903201362454.jpg;1
\vacia\empty_SnapshotMountainZebra\MTZ_S1_E06_R3_IMAG0251.JPG;0
\cervidae\ciervo_simone_2\34_20201024 (3576).JPG;1
\vacia\vacia_alumno_1_AM\26_20201020 (2532).JPG;0
\vacia\SnampshotEnonkishu\ENO_S1_B03_R1_IMAG0705.JPG;0
\ave\shearwater_IslandConservationCameraTraps\chile_vaqueria2013_1212201215010.jpg;1
\vacia\NOANIMAL_ZOO_1_4\7_20210115 (1210).JPG;0
\vacia\NOANIMAL_ZOO_5_6_7_9\24_20210219 (3050) (2021_04_15 06_16_22 UTC).JPG;0
\jabali\jabali_PNC_2014_manuel\c10323IM000059.JPG;1
\vacia\NOANIMAL_ZOO_5_6_7_9\50_20210417 (23691).JPG;0
\gato_domestico\gato_WellingtonCameraTraps_SS\14091511222602359703.JPG;1
\vacia\vacia_alumno_1_TH\Nada (5)_frame010.jpg;0
\cervidae\CERVIDREDORFALLOWDEER_ZOO_1_4\33_20201025 (90).JPG;1
\cervidae\CERVIDREDORFALLOWDEER_ZOO_5_6_7_9\2_20210618 (22554).JPG;1
\leporido\rabbit_IslandConservationCameraTraps\chile_frances022013_17042013174427.jpg;1
\vacia\NOANIMAL_ZOO_1_4\26_20201020 (10848).JPG;0
\humanovehiculo\humanovehiculo_PNM_2013-I_ME\e3308IM000071.JPG;1
\vaca\COW_ZOO_5_6_7_9\46_20210618 (1005).JPG;1
\vacia\empty_SnapshotMountainZebra\MTZ_S1_C04_R3_IMAG0241.JPG;0
\humanovehiculo\car_CaltechCameraTrap_ME\vehiculo\5900a0c8-23d2-11e8-a6a3-ec086b02610b.jpg;1
\vacia\NOANIMAL_ZOO_5_6_7_9\44_20210618 (613).JPG;0
\vacia\NOANIMAL_ZOO_5_6_7_9\2_20210618 (16057).JPG;0
\cervidae\ciervo_ME_rev_3_donana\34_20201024 (6262).JPG;1
\ave\OTHERSPECIES_ZOO_1_4\2_20201215 (5370).JPG;1
\jabali\WILDBOAR_ZOO_1_4\20_20210115 (910).JPG;1
\cervidae\CERVIDREDORFALLOWDEER_ZOO_5_6_7_9\10_20210417 (933).JPG;1
\caballo\HORSE_ZOO_5_6_7_9\15_20210219 (8366) (2021_04_15 06_16_22 UTC).JPG;1
\vacia\NOANIMAL_ZOO_1_4\40_20201024 (7413).JPG;0
\gineta\GINETA_PNM_2013-I_ISAAC\e531IM000035.JPG;1
\garduna\Garduna_PNC_2013-O_ME\b1664IMAG0191.JPG;1
\caballo\HORSE_ZOO_5_6_7_9\17_20210615 (61).JPG;1
\leporido\rabbit_IslandConservationCameraTraps\chile_frances012013_24122012153050.jpg;1
\humanovehiculo\humano_vehiculo_PNM_2013-O_ISAAC\f28419IMAG0002.JPG;1
\gato_domestico\gato_WellingtonCameraTraps_SS\0506152020180835S083.JPG;1
\vacia\empty_SnapshotMountainZebra\MTZ_S1_E06_R3_IMAG0472.JPG;0
\leporido\rabbit_IslandConservationCameraTraps\chile_piedra012013_23032013181135.jpg;1
\jabali\jabali_javi_JC\37_20201024 (1471).JPG;1
\cervidae\CERVIDREDORFALLOWDEER_ZOO_5_6_7_9\19_20210618 (3006).JPG;1
\cervidae\ciervo_PNC_2013-O_RED_ISAAC\b6766FILE0068.JPG;1
\ave\ave_ave_WellingtonCameraTraps_SS\10111504330603249703.JPG;1
\ave\bird_IslandConservationCameraTraps\chile_filipianalamatris2013_2109201385457.jpg;1
\zorro\zorro_PNM_2013-O_ISAAC\f13286IMAG0317.JPG;1
\jabali\WILDBOAR_ZOO_1_4\1_20210115 (500).JPG;1
\vaca\cow_CaltechCameraTrap\588c1295-23d2-11e8-a6a3-ec086b02610b.jpg;1
\jabali\WILDBOAR_ZOO_1_4\20_20210115 (1306).JPG;1
\jabali\WILDBOAR_ZOO_1_4\15_20210117 (7835).JPG;1
\micromamiferos\micromamiferos_Paco_Carro_JC\IMG_0566.JPG;1
\leporido\rabbit_IslandConservationCameraTraps\chile_piedra012013_24052013215608.jpg;1
\zorro\zorro_PNC_2012_JC\a14634IM000578.JPG;1
\cervidae\CERVIDREDORFALLOWDEER_ZOO_1_4\37_20201024 (79).JPG;1
\cervidae\CERVIDREDORFALLOWDEER_ZOO_1_4\23_20201117 (119).JPG;1
\cervidae\CERVIDREDORFALLOWDEER_ZOO_5_6_7_9\9_20210218 (18) (2021_04_15 06_16_22 UTC).JPG;1
\cervidae\Ciervo_PNC_2014_JC\c245IM000072.JPG;1
\jabali\jabali_Saul Martin_FRAMES_SIN_REPETIDOS_REVISADOS_DIEGO\IMAG0022_frame280.jpg;1
\leporido\LEPORIDRABBITORHARE_ZOO_5_6_7_9\2_20210319 (1162).JPG;1
\zorro\zorro_buscar_cab_isaac_sin_contar\9_20201118 (508).JPG;1
\jabali\WILDBOAR_ZOO_1_4\37_20201116 (14513).JPG;1
\meloncillo\Meloncillo_PEPE_IREC_JC\IMAG0077.JPG;1
\jabali\WILDBOAR_ZOO_1_4\37_20201116 (2385).JPG;1
\jabali\WILDBOAR_ZOO_1_4\31_20201117 (187).JPG;1
\vacia\empty_IslandConservationCameraTraps\micronesia_cam04april2019_20190414_203003_rcnx0120.jpg;0
\vacia\NOANIMAL_ZOO_1_4\34_20210115 (2964).JPG;0
\cervidae\ciervo_PNC_2013-I_ME\9770IM000084.JPG;1
\zorro\zorro_PNM_2012_ME\d2829IMAG0025.JPG;1
\jabali\WILDBOAR_ZOO_1_4\29_20201117 (853).JPG;1
\lince\Lince_a_Linces2_Leo_JC\Lince51 (127).JPG;1
\cervidae\CERVIDREDORFALLOWDEER_ZOO_1_4\39_20201218 (173).JPG;1
\humanovehiculo\humanovehiculo_Caltech\59910491-23d2-11e8-a6a3-ec086b02610b.jpg;1
\jabali\WILDBOAR_ZOO_1_4\4_20210117 (4443).JPG;1
\vacia\vacias_1_de_2_PNC_2012_ISAAC\a45381IM000432.JPG;0
\vacia\vacia_javi_2_JC\27_20201023 (3419).JPG;0
\gato_domestico\gato_WellingtonCameraTraps_SS\270916025322046bs523.JPG;1
\ave\ave_ave_WellingtonCameraTraps_SS\010216093612003c9353.JPG;1
\vacia\empty_SnapshotMountainZebra\MTZ_S1_B05_R3_IMAG0739.JPG;0
\cervidae\CERVIDREDORFALLOWDEER_ZOO_5_6_7_9\2_20210417 (976).JPG;1
\lince\Lince_a_Linces2_Leo_JC\Lince60 (171).JPG;1
\gineta\Gineta_ME\f4052IM000114.JPG;1
\humanovehiculo\humanovehiculo_Caltech\59c99e63-23d2-11e8-a6a3-ec086b02610b.jpg;1
\lince\linces_fecha_Linces2_Leo_JC\2_Lince_flecha_Linces2_Leo_JC\lince158 (37).JPG;1
\lince\Lince_b_Linces2_Leo_JC\lince228 (45).jpg;1
\cervidae\CERVIDREDORFALLOWDEER_ZOO_1_4\22_20201218 (450).JPG;1
\jabali\WILDBOAR_ZOO_1_4\9_20201118 (739).JPG;1
\cervidae\deer_CaltechCameraTrap\5a2af584-23d2-11e8-a6a3-ec086b02610b.jpg;1
\vacia\vacias_1_de_2_PNC_2012_ISAAC\a36356IM000305.JPG;0
\gato_domestico\cat_IslandConservationCameraTraps\palau_cam13a12132018_20180915_064754_rcnx0417.jpg;1
\vacia\empty_SnapshotMountainZebra\MTZ_S1_D07_R1_IMAG1233.JPG;0
\cervidae\CIERVO_PNM_2012_ISAAC\d13118IM000037.JPG;1
\humanovehiculo\humanovehiculo_PNC_2013-O_RED_ISAAC\b8326FILE0147.JPG;1
\caballo\HORSE_ZOO_1_4\10_20201117 (1277).JPG;1
\cervidae\CERVIDREDORFALLOWDEER_ZOO_1_4\41_20210114 (152).JPG;1
\cervidae\corzo_alumno_2_AM_JC\STC_0297_frame370.jpg;1
\vacia\NOANIMAL_ZOO_5_6_7_9\50_20210417 (21060).JPG;0
\vacia\NOANIMAL_ZOO_5_6_7_9\50_20210408 (11977).JPG;0
\vaca\COW_ZOO_5_6_7_9\9_20210615 (2292).JPG;1
\vacia\vacia_alumno_1_AM\6_20201023 (1351).JPG;0
\jabali\WILDBOAR_ZOO_1_4\11_20201217 (45).JPG;1
\vacia\vacia_alumno_2_AM\Neovis 2_frame140.jpg;0
\vacia\NOANIMAL_ZOO_5_6_7_9\36_20210618 (8292).JPG;0
\vacia\NOANIMAL_ZOO_1_4\34_20210115 (1707).JPG;0
\vacia\NOANIMAL_ZOO_5_6_7_9\25_20210417 (11957).JPG;0
\vacia\empty_SnapshotMountainZebra\MTZ_S1_D06_R1_IMAG0828.JPG;0
\cervidae\CERVIDREDORFALLOWDEER_ZOO_1_4\18_20200130 (522).JPG;1
\cervidae\ciervo_PNM_2013-O_ISAAC\f5003IM000101.JPG;1
\vaca\COW_ZOO_5_6_7_9\9_20210615 (1539).JPG;1
\cervidae\CERVIDREDORFALLOWDEER_ZOO_1_4\12_20210116 (188).JPG;1
\cervidae\CERVIDREDORFALLOWDEER_ZOO_5_6_7_9\9_20210418 (303).JPG;1
\zorro\zorro_PNM_2012_ME\d16366IM000042.JPG;1
\vacia\vacias_2_de_2_PNC_2012_ISAAC\a7687IM000019.JPG;0
\vacia\NOANIMAL_ZOO_1_4\34_20210115 (2531).JPG;0
\gato_domestico\gato_WellingtonCameraTraps_SS\110816003210011a5904.JPG;1
\ave\ave_ave_WellingtonCameraTraps_SS\080716145236047a8282.JPG;1
\vaca\cow_CaltechCameraTrap\5911d762-23d2-11e8-a6a3-ec086b02610b.jpg;1
\vacia\NOANIMAL_ZOO_1_4\26_20201020 (3725).JPG;0
\vacia\NOANIMAL_ZOO_1_4\26_20201020 (18296).JPG;0
\leporido\rabbit_CaltechCameraTrap_ME\58a52f8b-23d2-11e8-a6a3-ec086b02610b.jpg;1
\vacia\NOANIMAL_ZOO_1_4\34_20210115 (5393).JPG;0
\cervidae\CERVIDREDORFALLOWDEER_ZOO_5_6_7_9\5_20210417 (2471).JPG;1
\leporido\rabbit_IslandConservationCameraTraps\chile_piedra012013_2101201313000.jpg;1
\ave\raven_IslandConservationCameraTraps\dominicanrepublic_cam1814marzo2016_20160224_111930_img_0022.jpg;1
\vacia\vacias_PNC_2014_ISAAC\c7595IM000007.JPG;0
\ave\rooster_IslandConservationCameraTraps\palau_cam13a12132018_20180913_101954_rcnx0365.jpg;1
\vacia\NOANIMAL_ZOO_5_6_7_9\19_20210319 (1547).JPG;0
\gato_domestico\gato_WellingtonCameraTraps_SS\01101518532402245754.JPG;1
\leporido\rabbit_CaltechCameraTrap_ME\59531ca7-23d2-11e8-a6a3-ec086b02610b.jpg;1
\vacia\NOANIMAL_ZOO_5_6_7_9\2_20210417 (3224).JPG;0
\jabali\WILDBOAR_ZOO_1_4\37_20210115 (3357).JPG;1
\jabali\WILDBOAR_ZOO_1_4\37_20201116 (2395).JPG;1
\vacia\NOANIMAL_ZOO_5_6_7_9\24_20210318 (4392).JPG;0
\cervidae\CERVIDREDORFALLOWDEER_ZOO_5_6_7_9\20_20210319 (15064).JPG;1
\vacia\vacias_PNM_2013-O_ISAAC\f15615IMAG0392.JPG;0
\vacia\Vacia_ME_rev_2_donana\32_20201022 (368).JPG;0
\vaca\COW_ZOO_1_4\24_20201019 (1398).JPG;1
\vacia\empty_SnapshotMountainZebra\MTZ_S1_D05_R1_IMAG2665.JPG;0
\humanovehiculo\car_CaltechCameraTrap_ME\vehiculo\591995aa-23d2-11e8-a6a3-ec086b02610b.jpg;1
\zorro\fox_CaltechCameraTrap_ME\59974017-23d2-11e8-a6a3-ec086b02610b.jpg;1
\cervidae\ciervo_PNC_2014_ISAAC\c3908IMAG0019.JPG;1
\zorro\zorro_PNC_2013-I_ME\5860IM000160.JPG;1
\jabali\jabali_PNC_2014_manuel\c3750IMAG0108.JPG;1
\perro\dog_caltechCameraTraps\5a0afffe-23d2-11e8-a6a3-ec086b02610b.jpg;1
\vacia\NOANIMAL_ZOO_1_4\7_20210115 (1464).JPG;0
\vacia\vacias_ME_CASA\IMG_0519.JPG;0
\zorro\zorro_PNC_2012_JC\a23128IM000063.JPG;1
\zorro\REDFOX_ZOO_5_6_7_9\11_20210615 (2975).JPG;1
\leporido\LEPORIDRABBITORHARE_ZOO_1_4\6_20201023 (2582).JPG;1
\jabali\jabali_PNC_2014_manuel\c5569IM000152.JPG;1
\vacia\Vacia_ME_rev_2_donana\40_20201024 (3096).JPG;0
\leporido\rabbit_IslandConservationCameraTraps\chile_piedra012013_21012013184134.jpg;1
\caballo\caballos_alumno_AM\caballos_alumno_AM\2_20201215 (2215).JPG;1
\leporido\rabbit_IslandConservationCameraTraps\chile_frances022013_27042013105108.jpg;1
\humanovehiculo\car_CaltechCameraTrap_ME\vehiculo\596d6278-23d2-11e8-a6a3-ec086b02610b.jpg;1
\zorro\REDFOX_ZOO_5_6_7_9\48_20210615 (111).JPG;1
\vacia\NOANIMAL_ZOO_1_4\7_20210115 (2803).JPG;0
\vacia\vacia_javi_2_JC\27_20201023 (8155).JPG;0
\vacia\empty_IslandConservationCameraTraps\dominicanrepublic_cam0425abril2015_20130828_032102_sunp6735.jpg;0
\cervidae\CERVIDREDORFALLOWDEER_ZOO_5_6_7_9\35_20210418 (1219).JPG;1
\vacia\vacias_PNM_2013-O_ISAAC\f15573IMAG0348.JPG;0
\humanovehiculo\humanos_Paco_Carro_JC\PICT0110 (2).JPG;1
\vacia\NOANIMAL_ZOO_1_4\34_20210115 (5309).JPG;0
\leporido\rabbit_CaltechCameraTrap_ME\59894266-23d2-11e8-a6a3-ec086b02610b.jpg;1
\vacia\NOANIMAL_ZOO_1_4\34_20210115 (6903).JPG;0
\cervidae\CERVIDREDORFALLOWDEER_ZOO_5_6_7_9\19_20210219 (1219) (2021_04_15 06_16_22 UTC).JPG;1
\cervidae\Ciervo_PNC_2014_JC\c10359IM000016.JPG;1
\cervidae\CERVIDREDORFALLOWDEER_ZOO_5_6_7_9\22_20210417 (1173).JPG;1
\lince\linces_fecha_Linces2_Leo_JC\2_Lince_flecha_Linces2_Leo_JC\lince196 (19).JPG;1
\humanovehiculo\humano_vehiculo_PNM_2013-O_ISAAC\f21274IM000772.JPG;1
\gato_domestico\cat_CaltechCameraTrap\59738940-23d2-11e8-a6a3-ec086b02610b.jpg;1
\leporido\rabbit_CaltechCameraTrap_ME\59973fff-23d2-11e8-a6a3-ec086b02610b.jpg;1
\cervidae\3_ciervo_simone_2\37_20201024 (12466).JPG;1
\vacia\NOANIMAL_ZOO_1_4\34_20210115 (2288).JPG;0
\cervidae\ciervo_vacías_humanos_PNC_2012_ME\a8912IM000013.JPG;1
\garduna\Garduna_PNC_2013-O_ME\b17402IM000044.JPG;1
\jabali\jabali_PNC_2013-I_RED_ME\9705IM000022.JPG;1
\cervidae\deer_CaltechCameraTrap\5a1fe8c7-23d2-11e8-a6a3-ec086b02610b.jpg;1
\vacia\NOANIMAL_ZOO_5_6_7_9\50_20210417 (23670).JPG;0
\lince\linces_fecha_Linces2_Leo_JC\2_Lince_flecha_Linces2_Leo_JC\lince172 (77).JPG;1
\ave\ave_ave_WellingtonCameraTraps_SS\140116080632044as081.JPG;1
\vacia\vacias_2_de_2_PNC_2012_ISAAC\a52701IM000068.JPG;0
\vacia\NOANIMAL_ZOO_5_6_7_9\24_20210418 (7624).JPG;0
\cervidae\CERVIDREDORFALLOWDEER_ZOO_1_4\38_20201019 (199).JPG;1
\vacia\NOANIMAL_ZOO_1_4\26_20201020 (6235).JPG;0
\zorro\ZORRO_PNM_2013-I_ISAAC\e745IM000019.JPG;1
\vacia\vacias_PNC_2014_ISAAC\c12665IMAG0187.JPG;0
\cervidae\deer_CaltechCameraTrap\59ec55a6-23d2-11e8-a6a3-ec086b02610b.jpg;1
\jabali\WILDBOAR_ZOO_1_4\18_20210115 (3962).JPG;1
\vacia\empty_SnapshotMountainZebra\MTZ_S1_D05_R1_IMAG1254.JPG;0
\cervidae\ciervo_PNC_2013-I_ME\8982IM000078.JPG;1
\vacia\vacia_PNM_2013-O_ME\f19623IM000507.JPG;0
\meloncillo\Meloncillo_PEPE_IREC_JC\IMAG0863.JPG;1
\caballo\HORSE_ZOO_1_4\2_20201117 (5162).JPG;1
\vacia\NOANIMAL_ZOO_1_4\15_20201117 (6262).JPG;0
\perro\Domestic dog_mammalWeb\51319.jpg;1
\zorro\Zorro_PNC_2014_JC\c28207IM000034.JPG;1
\micromamiferos\rat_IslandConservationCameraTraps\micronesia_cam09_cam09june2019_20190622171303_rcnx0681.jpg;1
\vacia\vacia_ave_WellingtonCameraTraps_SS\17111505055803791133.JPG;0
\vacia\vacias_1_de_2_PNC_2012_ISAAC\a44438IM000021.JPG;0
\mapache\raccoon_CaltechCameraTrap_ME\59e43fdb-23d2-11e8-a6a3-ec086b02610b.jpg;1
\vacia\NOANIMAL_ZOO_1_4\34_20210115 (5969).JPG;0
\vacia\empty_SnapshotKaroo\KAR_S1_F02_R1_IMAG1840.JPG;0
\cervidae\CERVIDREDORFALLOWDEER_ZOO_1_4\21_20201025 (1895).JPG;1
\vaca\COW_ZOO_1_4\35_20210114 (1298).JPG;1
\jabali\WILDBOAR_ZOO_1_4\37_20201116 (5170).JPG;1
\jabali\jabali_PNC_2014_manuel\c15929IM000105.JPG;1
\cervidae\CERVIDREDORFALLOWDEER_ZOO_5_6_7_9\24_20210318 (6327).JPG;1
\caballo\caballos_alumno_AM\caballos_alumno_AM\28_20201117 (669).JPG;1
